-- USER --
INSERT INTO match_report.user (username, password, enabled) VALUES ('adurand', 'password', 1);
INSERT INTO match_report.user (username, password, enabled) VALUES ('fcuenca', 'password', 1);
INSERT INTO match_report.user (username, password, enabled) VALUES ('username1', 'password', 1);
INSERT INTO match_report.user (username, password, enabled) VALUES ('username2', 'password', 0);

-- AUTHORITY --
INSERT INTO match_report.authority (id, name) VALUES (1, 'Administrator');
INSERT INTO match_report.authority (id, name) VALUES (2, 'User');

-- USER HAS AUTHORITY --
INSERT INTO match_report.user_has_authority (user_id, authority_id) VALUES ('adurand', 1);
INSERT INTO match_report.user_has_authority (user_id, authority_id) VALUES ('fcuenca', 1);
INSERT INTO match_report.user_has_authority (user_id, authority_id) VALUES ('username1', 2);
INSERT INTO match_report.user_has_authority (user_id, authority_id) VALUES ('username2', 2);

-- CANCHA --
INSERT INTO match_report.cancha (id, nombre, direccion, foto) VALUES (1, 'Bombonera', 'Barrio La Boca', NULL);
INSERT INTO match_report.cancha (id, nombre, direccion, foto) VALUES (2, 'Monumental', 'Barrio Nuñez', NULL);
INSERT INTO match_report.cancha (id, nombre, direccion, foto) VALUES (3, 'Nuevo gasometro', 'Barrio Bajo Flores', NULL);
INSERT INTO match_report.cancha (id, nombre, direccion, foto) VALUES (4, 'Cilindro de avellaneda', 'Barrio Avellaneda', NULL);

-- CLUB --
INSERT INTO match_report.club (id, nombre, direccion, escudo, pagina_web, id_cancha) VALUES (1, 'Boca Juniors', 'Barrio La Boca', NULL, 'www.bj.com.ar', 1);
INSERT INTO match_report.club (id, nombre, direccion, escudo, pagina_web, id_cancha) VALUES (2, 'River Plate', 'Barrio Nuñez', NULL, 'www.rp.com.ar', 2);
INSERT INTO match_report.club (id, nombre, direccion, escudo, pagina_web, id_cancha) VALUES (3, 'San Lorenzo', 'Barrio Bajo Flores', NULL, 'www.sl.com.ar', 3);
INSERT INTO match_report.club (id, nombre, direccion, escudo, pagina_web, id_cancha) VALUES (4, 'Racing Club', 'Barrio Avellaneda', NULL, 'www.rc.com.ar', 4);

-- TORNEO --
INSERT INTO match_report.torneo (id, fecha_inicio, fecha_fin) VALUES (1, '2016-01-01', '2016-06-30');
INSERT INTO match_report.torneo (id, fecha_inicio, fecha_fin) VALUES (2, '2016-07-01', '2016-12-31	');

-- FECHA --
INSERT INTO match_report.fecha (id, numero, descripcion, torneo_id) VALUES (1, 1, 'Fecha 1 - Apertura 2016', 1);
INSERT INTO match_report.fecha (id, numero, descripcion, torneo_id) VALUES (2, 2, 'Fecha 2 - Apertura 2016', 1);
INSERT INTO match_report.fecha (id, numero, descripcion, torneo_id) VALUES (3, 3, 'Fecha 3 - Apertura 2016', 1);
INSERT INTO match_report.fecha (id, numero, descripcion, torneo_id) VALUES (4, 4, 'Fecha 4 - Apertura 2016', 1);
INSERT INTO match_report.fecha (id, numero, descripcion, torneo_id) VALUES (5, 5, 'Fecha 5 - Apertura 2016', 1);
INSERT INTO match_report.fecha (id, numero, descripcion, torneo_id) VALUES (6, 6, 'Fecha 6 - Apertura 2016', 1);
INSERT INTO match_report.fecha (id, numero, descripcion, torneo_id) VALUES (7, 1, 'Fecha 1 - Clausura 2016', 2);
INSERT INTO match_report.fecha (id, numero, descripcion, torneo_id) VALUES (8, 2, 'Fecha 2 - Clausura 2016', 2);
INSERT INTO match_report.fecha (id, numero, descripcion, torneo_id) VALUES (9, 3, 'Fecha 3 - Clausura 2016', 2);
INSERT INTO match_report.fecha (id, numero, descripcion, torneo_id) VALUES (10, 4, 'Fecha 4 - Clausura 2016', 2);
INSERT INTO match_report.fecha (id, numero, descripcion, torneo_id) VALUES (11, 5, 'Fecha 5 - Clausura 2016', 2);
INSERT INTO match_report.fecha (id, numero, descripcion, torneo_id) VALUES (12, 6, 'Fecha 6 - Clausura 2016', 2);
-- JUGADOR --
INSERT INTO match_report.jugador (id, nombres, apellido, fecha_nacimiento, status, tipo_documento, nro_documento) VALUES (1, '', 'Boca 1', '1990-01-01', 0, 'DNI', 10000000);
INSERT INTO match_report.jugador (id, nombres, apellido, fecha_nacimiento, status, tipo_documento, nro_documento) VALUES (2, '', 'Boca 2', '1990-01-01', 0, 'DNI', 10000000);
INSERT INTO match_report.jugador (id, nombres, apellido, fecha_nacimiento, status, tipo_documento, nro_documento) VALUES (3, '', 'Boca 3', '1990-01-01', 0, 'DNI', 10000000);
INSERT INTO match_report.jugador (id, nombres, apellido, fecha_nacimiento, status, tipo_documento, nro_documento) VALUES (4, '', 'Boca 4', '1990-01-01', 0, 'DNI', 10000000);
INSERT INTO match_report.jugador (id, nombres, apellido, fecha_nacimiento, status, tipo_documento, nro_documento) VALUES (5, '', 'Boca 5', '1990-01-01', 0, 'DNI', 10000000);
INSERT INTO match_report.jugador (id, nombres, apellido, fecha_nacimiento, status, tipo_documento, nro_documento) VALUES (6, '', 'Boca 6', '1990-01-01', 0, 'DNI', 10000000);
INSERT INTO match_report.jugador (id, nombres, apellido, fecha_nacimiento, status, tipo_documento, nro_documento) VALUES (7, '', 'Boca 7', '1990-01-01', 0, 'DNI', 10000000);
INSERT INTO match_report.jugador (id, nombres, apellido, fecha_nacimiento, status, tipo_documento, nro_documento) VALUES (8, '', 'Boca 8', '1990-01-01', 0, 'DNI', 10000000);
INSERT INTO match_report.jugador (id, nombres, apellido, fecha_nacimiento, status, tipo_documento, nro_documento) VALUES (9, '', 'Boca 9', '1990-01-01', 0, 'DNI', 10000000);
INSERT INTO match_report.jugador (id, nombres, apellido, fecha_nacimiento, status, tipo_documento, nro_documento) VALUES (10, '', 'Boca 10', '1990-01-01', 0, 'DNI', 10000000);
INSERT INTO match_report.jugador (id, nombres, apellido, fecha_nacimiento, status, tipo_documento, nro_documento) VALUES (11, '', 'Boca 11', '1990-01-01', 0, 'DNI', 10000000);

INSERT INTO match_report.jugador (id, nombres, apellido, fecha_nacimiento, status, tipo_documento, nro_documento) VALUES (12, '', 'River 1', '1990-01-01', 0, 'DNI', 20000000);
INSERT INTO match_report.jugador (id, nombres, apellido, fecha_nacimiento, status, tipo_documento, nro_documento) VALUES (13, '', 'River 2', '1990-01-01', 0, 'DNI', 20000000);
INSERT INTO match_report.jugador (id, nombres, apellido, fecha_nacimiento, status, tipo_documento, nro_documento) VALUES (14, '', 'River 3', '1990-01-01', 0, 'DNI', 20000000);
INSERT INTO match_report.jugador (id, nombres, apellido, fecha_nacimiento, status, tipo_documento, nro_documento) VALUES (15, '', 'River 4', '1990-01-01', 0, 'DNI', 20000000);
INSERT INTO match_report.jugador (id, nombres, apellido, fecha_nacimiento, status, tipo_documento, nro_documento) VALUES (16, '', 'River 5', '1990-01-01', 0, 'DNI', 20000000);
INSERT INTO match_report.jugador (id, nombres, apellido, fecha_nacimiento, status, tipo_documento, nro_documento) VALUES (17, '', 'River 6', '1990-01-01', 0, 'DNI', 20000000);
INSERT INTO match_report.jugador (id, nombres, apellido, fecha_nacimiento, status, tipo_documento, nro_documento) VALUES (18, '', 'River 7', '1990-01-01', 0, 'DNI', 20000000);
INSERT INTO match_report.jugador (id, nombres, apellido, fecha_nacimiento, status, tipo_documento, nro_documento) VALUES (19, '', 'River 8', '1990-01-01', 0, 'DNI', 20000000);
INSERT INTO match_report.jugador (id, nombres, apellido, fecha_nacimiento, status, tipo_documento, nro_documento) VALUES (20, '', 'River 9', '1990-01-01', 0, 'DNI', 20000000);
INSERT INTO match_report.jugador (id, nombres, apellido, fecha_nacimiento, status, tipo_documento, nro_documento) VALUES (21, '', 'River 10', '1990-01-01', 0, 'DNI', 20000000);
INSERT INTO match_report.jugador (id, nombres, apellido, fecha_nacimiento, status, tipo_documento, nro_documento) VALUES (22, '', 'River 11', '1990-01-01', 0, 'DNI', 20000000);

INSERT INTO match_report.jugador (id, nombres, apellido, fecha_nacimiento, status, tipo_documento, nro_documento) VALUES (23, '', 'San Lorenzo 1', '1990-01-01', 0, 'DNI', 10000000);
INSERT INTO match_report.jugador (id, nombres, apellido, fecha_nacimiento, status, tipo_documento, nro_documento) VALUES (24, '', 'San Lorenzo 2', '1990-01-01', 0, 'DNI', 10000000);
INSERT INTO match_report.jugador (id, nombres, apellido, fecha_nacimiento, status, tipo_documento, nro_documento) VALUES (25, '', 'San Lorenzo 3', '1990-01-01', 0, 'DNI', 10000000);
INSERT INTO match_report.jugador (id, nombres, apellido, fecha_nacimiento, status, tipo_documento, nro_documento) VALUES (26, '', 'San Lorenzo 4', '1990-01-01', 0, 'DNI', 10000000);
INSERT INTO match_report.jugador (id, nombres, apellido, fecha_nacimiento, status, tipo_documento, nro_documento) VALUES (27, '', 'San Lorenzo 5', '1990-01-01', 0, 'DNI', 10000000);
INSERT INTO match_report.jugador (id, nombres, apellido, fecha_nacimiento, status, tipo_documento, nro_documento) VALUES (28, '', 'San Lorenzo 6', '1990-01-01', 0, 'DNI', 10000000);
INSERT INTO match_report.jugador (id, nombres, apellido, fecha_nacimiento, status, tipo_documento, nro_documento) VALUES (29, '', 'San Lorenzo 7', '1990-01-01', 0, 'DNI', 10000000);
INSERT INTO match_report.jugador (id, nombres, apellido, fecha_nacimiento, status, tipo_documento, nro_documento) VALUES (30, '', 'San Lorenzo 8', '1990-01-01', 0, 'DNI', 10000000);
INSERT INTO match_report.jugador (id, nombres, apellido, fecha_nacimiento, status, tipo_documento, nro_documento) VALUES (31, '', 'San Lorenzo 9', '1990-01-01', 0, 'DNI', 10000000);
INSERT INTO match_report.jugador (id, nombres, apellido, fecha_nacimiento, status, tipo_documento, nro_documento) VALUES (32, '', 'San Lorenzo 10', '1990-01-01', 0, 'DNI', 10000000);
INSERT INTO match_report.jugador (id, nombres, apellido, fecha_nacimiento, status, tipo_documento, nro_documento) VALUES (33, '', 'San Lorenzo 11', '1990-01-01', 0, 'DNI', 10000000);

INSERT INTO match_report.jugador (id, nombres, apellido, fecha_nacimiento, status, tipo_documento, nro_documento) VALUES (34, '', 'Racing 1', '1990-01-01', 0, 'DNI', 20000000);
INSERT INTO match_report.jugador (id, nombres, apellido, fecha_nacimiento, status, tipo_documento, nro_documento) VALUES (35, '', 'Racing 2', '1990-01-01', 0, 'DNI', 20000000);
INSERT INTO match_report.jugador (id, nombres, apellido, fecha_nacimiento, status, tipo_documento, nro_documento) VALUES (36, '', 'Racing 3', '1990-01-01', 0, 'DNI', 20000000);
INSERT INTO match_report.jugador (id, nombres, apellido, fecha_nacimiento, status, tipo_documento, nro_documento) VALUES (37, '', 'Racing 4', '1990-01-01', 0, 'DNI', 20000000);
INSERT INTO match_report.jugador (id, nombres, apellido, fecha_nacimiento, status, tipo_documento, nro_documento) VALUES (38, '', 'Racing 5', '1990-01-01', 0, 'DNI', 20000000);
INSERT INTO match_report.jugador (id, nombres, apellido, fecha_nacimiento, status, tipo_documento, nro_documento) VALUES (39, '', 'Racing 6', '1990-01-01', 0, 'DNI', 20000000);
INSERT INTO match_report.jugador (id, nombres, apellido, fecha_nacimiento, status, tipo_documento, nro_documento) VALUES (40, '', 'Racing 7', '1990-01-01', 0, 'DNI', 20000000);
INSERT INTO match_report.jugador (id, nombres, apellido, fecha_nacimiento, status, tipo_documento, nro_documento) VALUES (41, '', 'Racing 8', '1990-01-01', 0, 'DNI', 20000000);
INSERT INTO match_report.jugador (id, nombres, apellido, fecha_nacimiento, status, tipo_documento, nro_documento) VALUES (42, '', 'Racing 9', '1990-01-01', 0, 'DNI', 20000000);
INSERT INTO match_report.jugador (id, nombres, apellido, fecha_nacimiento, status, tipo_documento, nro_documento) VALUES (43, '', 'Racing 10', '1990-01-01', 0, 'DNI', 20000000);
INSERT INTO match_report.jugador (id, nombres, apellido, fecha_nacimiento, status, tipo_documento, nro_documento) VALUES (44, '', 'Racing 11', '1990-01-01', 0, 'DNI', 20000000);

-- JUEGA EN --
INSERT INTO match_report.juega_en (id_jugador, id_club, id_torneo) VALUES (1, 1, 1);
INSERT INTO match_report.juega_en (id_jugador, id_club, id_torneo) VALUES (2, 1, 1);
INSERT INTO match_report.juega_en (id_jugador, id_club, id_torneo) VALUES (3, 1, 1);
INSERT INTO match_report.juega_en (id_jugador, id_club, id_torneo) VALUES (4, 1, 1);
INSERT INTO match_report.juega_en (id_jugador, id_club, id_torneo) VALUES (5, 1, 1);
INSERT INTO match_report.juega_en (id_jugador, id_club, id_torneo) VALUES (6, 1, 1);
INSERT INTO match_report.juega_en (id_jugador, id_club, id_torneo) VALUES (7, 1, 1);
INSERT INTO match_report.juega_en (id_jugador, id_club, id_torneo) VALUES (8, 1, 1);
INSERT INTO match_report.juega_en (id_jugador, id_club, id_torneo) VALUES (9, 1, 1);
INSERT INTO match_report.juega_en (id_jugador, id_club, id_torneo) VALUES (10, 1, 1);
INSERT INTO match_report.juega_en (id_jugador, id_club, id_torneo) VALUES (11, 1, 1);

INSERT INTO match_report.juega_en (id_jugador, id_club, id_torneo) VALUES (1, 1, 2);
INSERT INTO match_report.juega_en (id_jugador, id_club, id_torneo) VALUES (2, 1, 2);
INSERT INTO match_report.juega_en (id_jugador, id_club, id_torneo) VALUES (3, 1, 2);
INSERT INTO match_report.juega_en (id_jugador, id_club, id_torneo) VALUES (4, 1, 2);
INSERT INTO match_report.juega_en (id_jugador, id_club, id_torneo) VALUES (5, 1, 2);
INSERT INTO match_report.juega_en (id_jugador, id_club, id_torneo) VALUES (6, 1, 2);
INSERT INTO match_report.juega_en (id_jugador, id_club, id_torneo) VALUES (7, 1, 2);
INSERT INTO match_report.juega_en (id_jugador, id_club, id_torneo) VALUES (8, 1, 2);
INSERT INTO match_report.juega_en (id_jugador, id_club, id_torneo) VALUES (9, 1, 2);
INSERT INTO match_report.juega_en (id_jugador, id_club, id_torneo) VALUES (10, 1, 2);
INSERT INTO match_report.juega_en (id_jugador, id_club, id_torneo) VALUES (11, 1, 2);

INSERT INTO match_report.juega_en (id_jugador, id_club, id_torneo) VALUES (12, 2, 1);
INSERT INTO match_report.juega_en (id_jugador, id_club, id_torneo) VALUES (13, 2, 1);
INSERT INTO match_report.juega_en (id_jugador, id_club, id_torneo) VALUES (14, 2, 1);
INSERT INTO match_report.juega_en (id_jugador, id_club, id_torneo) VALUES (15, 2, 1);
INSERT INTO match_report.juega_en (id_jugador, id_club, id_torneo) VALUES (16, 2, 1);
INSERT INTO match_report.juega_en (id_jugador, id_club, id_torneo) VALUES (17, 2, 1);
INSERT INTO match_report.juega_en (id_jugador, id_club, id_torneo) VALUES (18, 2, 1);
INSERT INTO match_report.juega_en (id_jugador, id_club, id_torneo) VALUES (19, 2, 1);
INSERT INTO match_report.juega_en (id_jugador, id_club, id_torneo) VALUES (20, 2, 1);
INSERT INTO match_report.juega_en (id_jugador, id_club, id_torneo) VALUES (21, 2, 1);
INSERT INTO match_report.juega_en (id_jugador, id_club, id_torneo) VALUES (22, 2, 1);

INSERT INTO match_report.juega_en (id_jugador, id_club, id_torneo) VALUES (12, 2, 2);
INSERT INTO match_report.juega_en (id_jugador, id_club, id_torneo) VALUES (13, 2, 2);
INSERT INTO match_report.juega_en (id_jugador, id_club, id_torneo) VALUES (14, 2, 2);
INSERT INTO match_report.juega_en (id_jugador, id_club, id_torneo) VALUES (15, 2, 2);
INSERT INTO match_report.juega_en (id_jugador, id_club, id_torneo) VALUES (16, 2, 2);
INSERT INTO match_report.juega_en (id_jugador, id_club, id_torneo) VALUES (17, 2, 2);
INSERT INTO match_report.juega_en (id_jugador, id_club, id_torneo) VALUES (18, 2, 2);
INSERT INTO match_report.juega_en (id_jugador, id_club, id_torneo) VALUES (19, 2, 2);
INSERT INTO match_report.juega_en (id_jugador, id_club, id_torneo) VALUES (20, 2, 2);
INSERT INTO match_report.juega_en (id_jugador, id_club, id_torneo) VALUES (21, 2, 2);
INSERT INTO match_report.juega_en (id_jugador, id_club, id_torneo) VALUES (22, 2, 2);

INSERT INTO match_report.juega_en (id_jugador, id_club, id_torneo) VALUES (23, 3, 1);
INSERT INTO match_report.juega_en (id_jugador, id_club, id_torneo) VALUES (24, 3, 1);
INSERT INTO match_report.juega_en (id_jugador, id_club, id_torneo) VALUES (25, 3, 1);
INSERT INTO match_report.juega_en (id_jugador, id_club, id_torneo) VALUES (26, 3, 1);
INSERT INTO match_report.juega_en (id_jugador, id_club, id_torneo) VALUES (27, 3, 1);
INSERT INTO match_report.juega_en (id_jugador, id_club, id_torneo) VALUES (28, 3, 1);
INSERT INTO match_report.juega_en (id_jugador, id_club, id_torneo) VALUES (29, 3, 1);
INSERT INTO match_report.juega_en (id_jugador, id_club, id_torneo) VALUES (30, 3, 1);
INSERT INTO match_report.juega_en (id_jugador, id_club, id_torneo) VALUES (31, 3, 1);
INSERT INTO match_report.juega_en (id_jugador, id_club, id_torneo) VALUES (32, 3, 1);
INSERT INTO match_report.juega_en (id_jugador, id_club, id_torneo) VALUES (33, 3, 1);

INSERT INTO match_report.juega_en (id_jugador, id_club, id_torneo) VALUES (23, 3, 2);
INSERT INTO match_report.juega_en (id_jugador, id_club, id_torneo) VALUES (24, 3, 2);
INSERT INTO match_report.juega_en (id_jugador, id_club, id_torneo) VALUES (25, 3, 2);
INSERT INTO match_report.juega_en (id_jugador, id_club, id_torneo) VALUES (26, 3, 2);
INSERT INTO match_report.juega_en (id_jugador, id_club, id_torneo) VALUES (27, 3, 2);
INSERT INTO match_report.juega_en (id_jugador, id_club, id_torneo) VALUES (28, 3, 2);
INSERT INTO match_report.juega_en (id_jugador, id_club, id_torneo) VALUES (29, 3, 2);
INSERT INTO match_report.juega_en (id_jugador, id_club, id_torneo) VALUES (30, 3, 2);
INSERT INTO match_report.juega_en (id_jugador, id_club, id_torneo) VALUES (31, 3, 2);
INSERT INTO match_report.juega_en (id_jugador, id_club, id_torneo) VALUES (32, 3, 2);
INSERT INTO match_report.juega_en (id_jugador, id_club, id_torneo) VALUES (33, 3, 2);

INSERT INTO match_report.juega_en (id_jugador, id_club, id_torneo) VALUES (34, 4, 1);
INSERT INTO match_report.juega_en (id_jugador, id_club, id_torneo) VALUES (35, 4, 1);
INSERT INTO match_report.juega_en (id_jugador, id_club, id_torneo) VALUES (36, 4, 1);
INSERT INTO match_report.juega_en (id_jugador, id_club, id_torneo) VALUES (37, 4, 1);
INSERT INTO match_report.juega_en (id_jugador, id_club, id_torneo) VALUES (38, 4, 1);
INSERT INTO match_report.juega_en (id_jugador, id_club, id_torneo) VALUES (39, 4, 1);
INSERT INTO match_report.juega_en (id_jugador, id_club, id_torneo) VALUES (40, 4, 1);
INSERT INTO match_report.juega_en (id_jugador, id_club, id_torneo) VALUES (41, 4, 1);
INSERT INTO match_report.juega_en (id_jugador, id_club, id_torneo) VALUES (42, 4, 1);
INSERT INTO match_report.juega_en (id_jugador, id_club, id_torneo) VALUES (43, 4, 1);
INSERT INTO match_report.juega_en (id_jugador, id_club, id_torneo) VALUES (44, 4, 1);

INSERT INTO match_report.juega_en (id_jugador, id_club, id_torneo) VALUES (34, 4, 2);
INSERT INTO match_report.juega_en (id_jugador, id_club, id_torneo) VALUES (35, 4, 2);
INSERT INTO match_report.juega_en (id_jugador, id_club, id_torneo) VALUES (36, 4, 2);
INSERT INTO match_report.juega_en (id_jugador, id_club, id_torneo) VALUES (37, 4, 2);
INSERT INTO match_report.juega_en (id_jugador, id_club, id_torneo) VALUES (38, 4, 2);
INSERT INTO match_report.juega_en (id_jugador, id_club, id_torneo) VALUES (39, 4, 2);
INSERT INTO match_report.juega_en (id_jugador, id_club, id_torneo) VALUES (40, 4, 2);
INSERT INTO match_report.juega_en (id_jugador, id_club, id_torneo) VALUES (41, 4, 2);
INSERT INTO match_report.juega_en (id_jugador, id_club, id_torneo) VALUES (42, 4, 2);
INSERT INTO match_report.juega_en (id_jugador, id_club, id_torneo) VALUES (43, 4, 2);
INSERT INTO match_report.juega_en (id_jugador, id_club, id_torneo) VALUES (44, 4, 2);

-- PARTIDO --
INSERT INTO match_report.partido (id, fecha, hora, id_cancha, status, fecha_id, equipo_local, equipo_visitante) VALUES (1, '2016-01-01', '15:00:00', 1, 0, 1, 1, 2);
INSERT INTO match_report.partido (id, fecha, hora, id_cancha, status, fecha_id, equipo_local, equipo_visitante) VALUES (2, '2016-01-01', '15:00:00', 3, 0, 1, 3, 4);
INSERT INTO match_report.partido (id, fecha, hora, id_cancha, status, fecha_id, equipo_local, equipo_visitante) VALUES (3, '2016-01-01', '15:00:00', 2, 0, 2, 2, 1);
INSERT INTO match_report.partido (id, fecha, hora, id_cancha, status, fecha_id, equipo_local, equipo_visitante) VALUES (4, '2016-01-01', '15:00:00', 4, 0, 2, 4, 3);
INSERT INTO match_report.partido (id, fecha, hora, id_cancha, status, fecha_id, equipo_local, equipo_visitante) VALUES (5, '2016-01-01', '15:00:00', 1, 0, 3, 1, 3);
INSERT INTO match_report.partido (id, fecha, hora, id_cancha, status, fecha_id, equipo_local, equipo_visitante) VALUES (6, '2016-01-01', '15:00:00', 2, 0, 3, 2, 4);
INSERT INTO match_report.partido (id, fecha, hora, id_cancha, status, fecha_id, equipo_local, equipo_visitante) VALUES (7, '2016-01-01', '15:00:00', 3, 0, 4, 3, 1);
INSERT INTO match_report.partido (id, fecha, hora, id_cancha, status, fecha_id, equipo_local, equipo_visitante) VALUES (8, '2016-01-01', '15:00:00', 4, 0, 4, 4, 2);
INSERT INTO match_report.partido (id, fecha, hora, id_cancha, status, fecha_id, equipo_local, equipo_visitante) VALUES (9, '2016-01-01', '15:00:00', 1, 0, 5, 1, 4);
INSERT INTO match_report.partido (id, fecha, hora, id_cancha, status, fecha_id, equipo_local, equipo_visitante) VALUES (10, '2016-01-01', '15:00:00', 2, 0, 5, 2, 3);
INSERT INTO match_report.partido (id, fecha, hora, id_cancha, status, fecha_id, equipo_local, equipo_visitante) VALUES (11, '2016-01-01', '15:00:00', 4, 0, 6, 4, 1);
INSERT INTO match_report.partido (id, fecha, hora, id_cancha, status, fecha_id, equipo_local, equipo_visitante) VALUES (12, '2016-01-01', '15:00:00', 3, 0, 6, 3, 2);

INSERT INTO match_report.partido (id, fecha, hora, id_cancha, status, fecha_id, equipo_local, equipo_visitante) VALUES (13, '2016-06-01', '15:00:00', 1, 0, 7, 1, 2);
INSERT INTO match_report.partido (id, fecha, hora, id_cancha, status, fecha_id, equipo_local, equipo_visitante) VALUES (14, '2016-06-01', '15:00:00', 3, 0, 7, 3, 4);
INSERT INTO match_report.partido (id, fecha, hora, id_cancha, status, fecha_id, equipo_local, equipo_visitante) VALUES (15, '2016-06-01', '15:00:00', 2, 0, 8, 2, 1);
INSERT INTO match_report.partido (id, fecha, hora, id_cancha, status, fecha_id, equipo_local, equipo_visitante) VALUES (16, '2016-06-01', '15:00:00', 4, 0, 8, 4, 3);
INSERT INTO match_report.partido (id, fecha, hora, id_cancha, status, fecha_id, equipo_local, equipo_visitante) VALUES (17, '2016-06-01', '15:00:00', 1, 0, 9, 1, 3);
INSERT INTO match_report.partido (id, fecha, hora, id_cancha, status, fecha_id, equipo_local, equipo_visitante) VALUES (18, '2016-06-01', '15:00:00', 2, 0, 9, 2, 4);
INSERT INTO match_report.partido (id, fecha, hora, id_cancha, status, fecha_id, equipo_local, equipo_visitante) VALUES (19, '2016-06-01', '15:00:00', 3, 0, 10, 3, 1);
INSERT INTO match_report.partido (id, fecha, hora, id_cancha, status, fecha_id, equipo_local, equipo_visitante) VALUES (20, '2016-06-01', '15:00:00', 4, 0, 10, 4, 2);
INSERT INTO match_report.partido (id, fecha, hora, id_cancha, status, fecha_id, equipo_local, equipo_visitante) VALUES (21, '2016-06-01', '15:00:00', 1, 0, 11, 1, 4);
INSERT INTO match_report.partido (id, fecha, hora, id_cancha, status, fecha_id, equipo_local, equipo_visitante) VALUES (22, '2016-06-01', '15:00:00', 2, 0, 11, 2, 3);
INSERT INTO match_report.partido (id, fecha, hora, id_cancha, status, fecha_id, equipo_local, equipo_visitante) VALUES (23, '2016-06-01', '15:00:00', 4, 0, 12, 4, 1);
INSERT INTO match_report.partido (id, fecha, hora, id_cancha, status, fecha_id, equipo_local, equipo_visitante) VALUES (24, '2016-06-01', '15:00:00', 3, 0, 12, 3, 2);

-- JUGO PARTIDO --
-- PARTIDO 1 --
INSERT INTO match_report.jugo_partido (partido_id, club_id, jugador_id, goles, amarilla, descalificacion, exclusion, tarjeta_azul) VALUES (1, 1, 1, 0, 0, 0, 0, 0);
INSERT INTO match_report.jugo_partido (partido_id, club_id, jugador_id, goles, amarilla, descalificacion, exclusion, tarjeta_azul) VALUES (1, 1, 2, 0, 0, 0, 0, 0);
INSERT INTO match_report.jugo_partido (partido_id, club_id, jugador_id, goles, amarilla, descalificacion, exclusion, tarjeta_azul) VALUES (1, 1, 3, 0, 0, 0, 0, 0);
INSERT INTO match_report.jugo_partido (partido_id, club_id, jugador_id, goles, amarilla, descalificacion, exclusion, tarjeta_azul) VALUES (1, 1, 4, 0, 0, 0, 0, 0);
INSERT INTO match_report.jugo_partido (partido_id, club_id, jugador_id, goles, amarilla, descalificacion, exclusion, tarjeta_azul) VALUES (1, 1, 5, 0, 0, 0, 0, 0);
INSERT INTO match_report.jugo_partido (partido_id, club_id, jugador_id, goles, amarilla, descalificacion, exclusion, tarjeta_azul) VALUES (1, 1, 6, 0, 0, 0, 0, 0);
INSERT INTO match_report.jugo_partido (partido_id, club_id, jugador_id, goles, amarilla, descalificacion, exclusion, tarjeta_azul) VALUES (1, 1, 7, 0, 0, 0, 0, 0);
INSERT INTO match_report.jugo_partido (partido_id, club_id, jugador_id, goles, amarilla, descalificacion, exclusion, tarjeta_azul) VALUES (1, 1, 8, 0, 0, 0, 0, 0);
INSERT INTO match_report.jugo_partido (partido_id, club_id, jugador_id, goles, amarilla, descalificacion, exclusion, tarjeta_azul) VALUES (1, 1, 9, 0, 0, 0, 0, 0);
INSERT INTO match_report.jugo_partido (partido_id, club_id, jugador_id, goles, amarilla, descalificacion, exclusion, tarjeta_azul) VALUES (1, 1, 10, 0, 0, 0, 0, 0);
INSERT INTO match_report.jugo_partido (partido_id, club_id, jugador_id, goles, amarilla, descalificacion, exclusion, tarjeta_azul) VALUES (1, 1, 11, 0, 0, 0, 0, 0);
INSERT INTO match_report.jugo_partido (partido_id, club_id, jugador_id, goles, amarilla, descalificacion, exclusion, tarjeta_azul) VALUES (1, 2, 12, 0, 0, 0, 0, 0);
INSERT INTO match_report.jugo_partido (partido_id, club_id, jugador_id, goles, amarilla, descalificacion, exclusion, tarjeta_azul) VALUES (1, 2, 13, 0, 0, 0, 0, 0);
INSERT INTO match_report.jugo_partido (partido_id, club_id, jugador_id, goles, amarilla, descalificacion, exclusion, tarjeta_azul) VALUES (1, 2, 14, 0, 0, 0, 0, 0);
INSERT INTO match_report.jugo_partido (partido_id, club_id, jugador_id, goles, amarilla, descalificacion, exclusion, tarjeta_azul) VALUES (1, 2, 15, 0, 0, 0, 0, 0);
INSERT INTO match_report.jugo_partido (partido_id, club_id, jugador_id, goles, amarilla, descalificacion, exclusion, tarjeta_azul) VALUES (1, 2, 16, 0, 0, 0, 0, 0);
INSERT INTO match_report.jugo_partido (partido_id, club_id, jugador_id, goles, amarilla, descalificacion, exclusion, tarjeta_azul) VALUES (1, 2, 17, 0, 0, 0, 0, 0);
INSERT INTO match_report.jugo_partido (partido_id, club_id, jugador_id, goles, amarilla, descalificacion, exclusion, tarjeta_azul) VALUES (1, 2, 18, 0, 0, 0, 0, 0);
INSERT INTO match_report.jugo_partido (partido_id, club_id, jugador_id, goles, amarilla, descalificacion, exclusion, tarjeta_azul) VALUES (1, 2, 19, 0, 0, 0, 0, 0);
INSERT INTO match_report.jugo_partido (partido_id, club_id, jugador_id, goles, amarilla, descalificacion, exclusion, tarjeta_azul) VALUES (1, 2, 20, 0, 0, 0, 0, 0);
INSERT INTO match_report.jugo_partido (partido_id, club_id, jugador_id, goles, amarilla, descalificacion, exclusion, tarjeta_azul) VALUES (1, 2, 21, 0, 0, 0, 0, 0);
INSERT INTO match_report.jugo_partido (partido_id, club_id, jugador_id, goles, amarilla, descalificacion, exclusion, tarjeta_azul) VALUES (1, 2, 22, 0, 0, 0, 0, 0);
-- PARTIDO 2 --
INSERT INTO match_report.jugo_partido (partido_id, club_id, jugador_id, goles, amarilla, descalificacion, exclusion, tarjeta_azul) VALUES (2, 3, 23, 0, 0, 0, 0, 0);
INSERT INTO match_report.jugo_partido (partido_id, club_id, jugador_id, goles, amarilla, descalificacion, exclusion, tarjeta_azul) VALUES (2, 3, 24, 0, 0, 0, 0, 0);
INSERT INTO match_report.jugo_partido (partido_id, club_id, jugador_id, goles, amarilla, descalificacion, exclusion, tarjeta_azul) VALUES (2, 3, 25, 0, 0, 0, 0, 0);
INSERT INTO match_report.jugo_partido (partido_id, club_id, jugador_id, goles, amarilla, descalificacion, exclusion, tarjeta_azul) VALUES (2, 3, 26, 0, 0, 0, 0, 0);
INSERT INTO match_report.jugo_partido (partido_id, club_id, jugador_id, goles, amarilla, descalificacion, exclusion, tarjeta_azul) VALUES (2, 3, 27, 0, 0, 0, 0, 0);
INSERT INTO match_report.jugo_partido (partido_id, club_id, jugador_id, goles, amarilla, descalificacion, exclusion, tarjeta_azul) VALUES (2, 3, 28, 0, 0, 0, 0, 0);
INSERT INTO match_report.jugo_partido (partido_id, club_id, jugador_id, goles, amarilla, descalificacion, exclusion, tarjeta_azul) VALUES (2, 3, 29, 0, 0, 0, 0, 0);
INSERT INTO match_report.jugo_partido (partido_id, club_id, jugador_id, goles, amarilla, descalificacion, exclusion, tarjeta_azul) VALUES (2, 3, 30, 0, 0, 0, 0, 0);
INSERT INTO match_report.jugo_partido (partido_id, club_id, jugador_id, goles, amarilla, descalificacion, exclusion, tarjeta_azul) VALUES (2, 3, 31, 0, 0, 0, 0, 0);
INSERT INTO match_report.jugo_partido (partido_id, club_id, jugador_id, goles, amarilla, descalificacion, exclusion, tarjeta_azul) VALUES (2, 3, 32, 0, 0, 0, 0, 0);
INSERT INTO match_report.jugo_partido (partido_id, club_id, jugador_id, goles, amarilla, descalificacion, exclusion, tarjeta_azul) VALUES (2, 3, 33, 0, 0, 0, 0, 0);
INSERT INTO match_report.jugo_partido (partido_id, club_id, jugador_id, goles, amarilla, descalificacion, exclusion, tarjeta_azul) VALUES (2, 4, 34, 0, 0, 0, 0, 0);
INSERT INTO match_report.jugo_partido (partido_id, club_id, jugador_id, goles, amarilla, descalificacion, exclusion, tarjeta_azul) VALUES (2, 4, 35, 0, 0, 0, 0, 0);
INSERT INTO match_report.jugo_partido (partido_id, club_id, jugador_id, goles, amarilla, descalificacion, exclusion, tarjeta_azul) VALUES (2, 4, 36, 0, 0, 0, 0, 0);
INSERT INTO match_report.jugo_partido (partido_id, club_id, jugador_id, goles, amarilla, descalificacion, exclusion, tarjeta_azul) VALUES (2, 4, 37, 0, 0, 0, 0, 0);
INSERT INTO match_report.jugo_partido (partido_id, club_id, jugador_id, goles, amarilla, descalificacion, exclusion, tarjeta_azul) VALUES (2, 4, 38, 0, 0, 0, 0, 0);
INSERT INTO match_report.jugo_partido (partido_id, club_id, jugador_id, goles, amarilla, descalificacion, exclusion, tarjeta_azul) VALUES (2, 4, 39, 0, 0, 0, 0, 0);
INSERT INTO match_report.jugo_partido (partido_id, club_id, jugador_id, goles, amarilla, descalificacion, exclusion, tarjeta_azul) VALUES (2, 4, 40, 0, 0, 0, 0, 0);
INSERT INTO match_report.jugo_partido (partido_id, club_id, jugador_id, goles, amarilla, descalificacion, exclusion, tarjeta_azul) VALUES (2, 4, 41, 0, 0, 0, 0, 0);
INSERT INTO match_report.jugo_partido (partido_id, club_id, jugador_id, goles, amarilla, descalificacion, exclusion, tarjeta_azul) VALUES (2, 4, 42, 0, 0, 0, 0, 0);
INSERT INTO match_report.jugo_partido (partido_id, club_id, jugador_id, goles, amarilla, descalificacion, exclusion, tarjeta_azul) VALUES (2, 4, 43, 0, 0, 0, 0, 0);
INSERT INTO match_report.jugo_partido (partido_id, club_id, jugador_id, goles, amarilla, descalificacion, exclusion, tarjeta_azul) VALUES (2, 4, 44, 0, 0, 0, 0, 0);
-- PARTIDO 3 --
INSERT INTO match_report.jugo_partido (partido_id, club_id, jugador_id, goles, amarilla, descalificacion, exclusion, tarjeta_azul) VALUES (3, 1, 1, 0, 0, 0, 0, 0);
INSERT INTO match_report.jugo_partido (partido_id, club_id, jugador_id, goles, amarilla, descalificacion, exclusion, tarjeta_azul) VALUES (3, 1, 2, 0, 0, 0, 0, 0);
INSERT INTO match_report.jugo_partido (partido_id, club_id, jugador_id, goles, amarilla, descalificacion, exclusion, tarjeta_azul) VALUES (3, 1, 3, 0, 0, 0, 0, 0);
INSERT INTO match_report.jugo_partido (partido_id, club_id, jugador_id, goles, amarilla, descalificacion, exclusion, tarjeta_azul) VALUES (3, 1, 4, 0, 0, 0, 0, 0);
INSERT INTO match_report.jugo_partido (partido_id, club_id, jugador_id, goles, amarilla, descalificacion, exclusion, tarjeta_azul) VALUES (3, 1, 5, 0, 0, 0, 0, 0);
INSERT INTO match_report.jugo_partido (partido_id, club_id, jugador_id, goles, amarilla, descalificacion, exclusion, tarjeta_azul) VALUES (3, 1, 6, 0, 0, 0, 0, 0);
INSERT INTO match_report.jugo_partido (partido_id, club_id, jugador_id, goles, amarilla, descalificacion, exclusion, tarjeta_azul) VALUES (3, 1, 7, 0, 0, 0, 0, 0);
INSERT INTO match_report.jugo_partido (partido_id, club_id, jugador_id, goles, amarilla, descalificacion, exclusion, tarjeta_azul) VALUES (3, 1, 8, 0, 0, 0, 0, 0);
INSERT INTO match_report.jugo_partido (partido_id, club_id, jugador_id, goles, amarilla, descalificacion, exclusion, tarjeta_azul) VALUES (3, 1, 9, 0, 0, 0, 0, 0);
INSERT INTO match_report.jugo_partido (partido_id, club_id, jugador_id, goles, amarilla, descalificacion, exclusion, tarjeta_azul) VALUES (3, 1, 10, 0, 0, 0, 0, 0);
INSERT INTO match_report.jugo_partido (partido_id, club_id, jugador_id, goles, amarilla, descalificacion, exclusion, tarjeta_azul) VALUES (3, 1, 11, 0, 0, 0, 0, 0);
INSERT INTO match_report.jugo_partido (partido_id, club_id, jugador_id, goles, amarilla, descalificacion, exclusion, tarjeta_azul) VALUES (3, 2, 12, 0, 0, 0, 0, 0);
INSERT INTO match_report.jugo_partido (partido_id, club_id, jugador_id, goles, amarilla, descalificacion, exclusion, tarjeta_azul) VALUES (3, 2, 13, 0, 0, 0, 0, 0);
INSERT INTO match_report.jugo_partido (partido_id, club_id, jugador_id, goles, amarilla, descalificacion, exclusion, tarjeta_azul) VALUES (3, 2, 14, 0, 0, 0, 0, 0);
INSERT INTO match_report.jugo_partido (partido_id, club_id, jugador_id, goles, amarilla, descalificacion, exclusion, tarjeta_azul) VALUES (3, 2, 15, 0, 0, 0, 0, 0);
INSERT INTO match_report.jugo_partido (partido_id, club_id, jugador_id, goles, amarilla, descalificacion, exclusion, tarjeta_azul) VALUES (3, 2, 16, 0, 0, 0, 0, 0);
INSERT INTO match_report.jugo_partido (partido_id, club_id, jugador_id, goles, amarilla, descalificacion, exclusion, tarjeta_azul) VALUES (3, 2, 17, 0, 0, 0, 0, 0);
INSERT INTO match_report.jugo_partido (partido_id, club_id, jugador_id, goles, amarilla, descalificacion, exclusion, tarjeta_azul) VALUES (3, 2, 18, 0, 0, 0, 0, 0);
INSERT INTO match_report.jugo_partido (partido_id, club_id, jugador_id, goles, amarilla, descalificacion, exclusion, tarjeta_azul) VALUES (3, 2, 19, 0, 0, 0, 0, 0);
INSERT INTO match_report.jugo_partido (partido_id, club_id, jugador_id, goles, amarilla, descalificacion, exclusion, tarjeta_azul) VALUES (3, 2, 20, 0, 0, 0, 0, 0);
INSERT INTO match_report.jugo_partido (partido_id, club_id, jugador_id, goles, amarilla, descalificacion, exclusion, tarjeta_azul) VALUES (3, 2, 21, 0, 0, 0, 0, 0);
INSERT INTO match_report.jugo_partido (partido_id, club_id, jugador_id, goles, amarilla, descalificacion, exclusion, tarjeta_azul) VALUES (3, 2, 22, 0, 0, 0, 0, 0);
-- PARTIDO 4 --
INSERT INTO match_report.jugo_partido (partido_id, club_id, jugador_id, goles, amarilla, descalificacion, exclusion, tarjeta_azul) VALUES (4, 3, 23, 0, 0, 0, 0, 0);
INSERT INTO match_report.jugo_partido (partido_id, club_id, jugador_id, goles, amarilla, descalificacion, exclusion, tarjeta_azul) VALUES (4, 3, 24, 0, 0, 0, 0, 0);
INSERT INTO match_report.jugo_partido (partido_id, club_id, jugador_id, goles, amarilla, descalificacion, exclusion, tarjeta_azul) VALUES (4, 3, 25, 0, 0, 0, 0, 0);
INSERT INTO match_report.jugo_partido (partido_id, club_id, jugador_id, goles, amarilla, descalificacion, exclusion, tarjeta_azul) VALUES (4, 3, 26, 0, 0, 0, 0, 0);
INSERT INTO match_report.jugo_partido (partido_id, club_id, jugador_id, goles, amarilla, descalificacion, exclusion, tarjeta_azul) VALUES (4, 3, 27, 0, 0, 0, 0, 0);
INSERT INTO match_report.jugo_partido (partido_id, club_id, jugador_id, goles, amarilla, descalificacion, exclusion, tarjeta_azul) VALUES (4, 3, 28, 0, 0, 0, 0, 0);
INSERT INTO match_report.jugo_partido (partido_id, club_id, jugador_id, goles, amarilla, descalificacion, exclusion, tarjeta_azul) VALUES (4, 3, 29, 0, 0, 0, 0, 0);
INSERT INTO match_report.jugo_partido (partido_id, club_id, jugador_id, goles, amarilla, descalificacion, exclusion, tarjeta_azul) VALUES (4, 3, 30, 0, 0, 0, 0, 0);
INSERT INTO match_report.jugo_partido (partido_id, club_id, jugador_id, goles, amarilla, descalificacion, exclusion, tarjeta_azul) VALUES (4, 3, 31, 0, 0, 0, 0, 0);
INSERT INTO match_report.jugo_partido (partido_id, club_id, jugador_id, goles, amarilla, descalificacion, exclusion, tarjeta_azul) VALUES (4, 3, 32, 0, 0, 0, 0, 0);
INSERT INTO match_report.jugo_partido (partido_id, club_id, jugador_id, goles, amarilla, descalificacion, exclusion, tarjeta_azul) VALUES (4, 3, 33, 0, 0, 0, 0, 0);
INSERT INTO match_report.jugo_partido (partido_id, club_id, jugador_id, goles, amarilla, descalificacion, exclusion, tarjeta_azul) VALUES (4, 4, 34, 0, 0, 0, 0, 0);
INSERT INTO match_report.jugo_partido (partido_id, club_id, jugador_id, goles, amarilla, descalificacion, exclusion, tarjeta_azul) VALUES (4, 4, 35, 0, 0, 0, 0, 0);
INSERT INTO match_report.jugo_partido (partido_id, club_id, jugador_id, goles, amarilla, descalificacion, exclusion, tarjeta_azul) VALUES (4, 4, 36, 0, 0, 0, 0, 0);
INSERT INTO match_report.jugo_partido (partido_id, club_id, jugador_id, goles, amarilla, descalificacion, exclusion, tarjeta_azul) VALUES (4, 4, 37, 0, 0, 0, 0, 0);
INSERT INTO match_report.jugo_partido (partido_id, club_id, jugador_id, goles, amarilla, descalificacion, exclusion, tarjeta_azul) VALUES (4, 4, 38, 0, 0, 0, 0, 0);
INSERT INTO match_report.jugo_partido (partido_id, club_id, jugador_id, goles, amarilla, descalificacion, exclusion, tarjeta_azul) VALUES (4, 4, 39, 0, 0, 0, 0, 0);
INSERT INTO match_report.jugo_partido (partido_id, club_id, jugador_id, goles, amarilla, descalificacion, exclusion, tarjeta_azul) VALUES (4, 4, 40, 0, 0, 0, 0, 0);
INSERT INTO match_report.jugo_partido (partido_id, club_id, jugador_id, goles, amarilla, descalificacion, exclusion, tarjeta_azul) VALUES (4, 4, 41, 0, 0, 0, 0, 0);
INSERT INTO match_report.jugo_partido (partido_id, club_id, jugador_id, goles, amarilla, descalificacion, exclusion, tarjeta_azul) VALUES (4, 4, 42, 0, 0, 0, 0, 0);
INSERT INTO match_report.jugo_partido (partido_id, club_id, jugador_id, goles, amarilla, descalificacion, exclusion, tarjeta_azul) VALUES (4, 4, 43, 0, 0, 0, 0, 0);
INSERT INTO match_report.jugo_partido (partido_id, club_id, jugador_id, goles, amarilla, descalificacion, exclusion, tarjeta_azul) VALUES (4, 4, 44, 0, 0, 0, 0, 0);
-- PARTIDO 5 --
INSERT INTO match_report.jugo_partido (partido_id, club_id, jugador_id, goles, amarilla, descalificacion, exclusion, tarjeta_azul) VALUES (5, 1, 1, 0, 0, 0, 0, 0);
INSERT INTO match_report.jugo_partido (partido_id, club_id, jugador_id, goles, amarilla, descalificacion, exclusion, tarjeta_azul) VALUES (5, 1, 2, 0, 0, 0, 0, 0);
INSERT INTO match_report.jugo_partido (partido_id, club_id, jugador_id, goles, amarilla, descalificacion, exclusion, tarjeta_azul) VALUES (5, 1, 3, 0, 0, 0, 0, 0);
INSERT INTO match_report.jugo_partido (partido_id, club_id, jugador_id, goles, amarilla, descalificacion, exclusion, tarjeta_azul) VALUES (5, 1, 4, 0, 0, 0, 0, 0);
INSERT INTO match_report.jugo_partido (partido_id, club_id, jugador_id, goles, amarilla, descalificacion, exclusion, tarjeta_azul) VALUES (5, 1, 5, 0, 0, 0, 0, 0);
INSERT INTO match_report.jugo_partido (partido_id, club_id, jugador_id, goles, amarilla, descalificacion, exclusion, tarjeta_azul) VALUES (5, 1, 6, 0, 0, 0, 0, 0);
INSERT INTO match_report.jugo_partido (partido_id, club_id, jugador_id, goles, amarilla, descalificacion, exclusion, tarjeta_azul) VALUES (5, 1, 7, 0, 0, 0, 0, 0);
INSERT INTO match_report.jugo_partido (partido_id, club_id, jugador_id, goles, amarilla, descalificacion, exclusion, tarjeta_azul) VALUES (5, 1, 8, 0, 0, 0, 0, 0);
INSERT INTO match_report.jugo_partido (partido_id, club_id, jugador_id, goles, amarilla, descalificacion, exclusion, tarjeta_azul) VALUES (5, 1, 9, 0, 0, 0, 0, 0);
INSERT INTO match_report.jugo_partido (partido_id, club_id, jugador_id, goles, amarilla, descalificacion, exclusion, tarjeta_azul) VALUES (5, 1, 10, 0, 0, 0, 0, 0);
INSERT INTO match_report.jugo_partido (partido_id, club_id, jugador_id, goles, amarilla, descalificacion, exclusion, tarjeta_azul) VALUES (5, 1, 11, 0, 0, 0, 0, 0);
INSERT INTO match_report.jugo_partido (partido_id, club_id, jugador_id, goles, amarilla, descalificacion, exclusion, tarjeta_azul) VALUES (5, 3, 23, 0, 0, 0, 0, 0);
INSERT INTO match_report.jugo_partido (partido_id, club_id, jugador_id, goles, amarilla, descalificacion, exclusion, tarjeta_azul) VALUES (5, 3, 24, 0, 0, 0, 0, 0);
INSERT INTO match_report.jugo_partido (partido_id, club_id, jugador_id, goles, amarilla, descalificacion, exclusion, tarjeta_azul) VALUES (5, 3, 25, 0, 0, 0, 0, 0);
INSERT INTO match_report.jugo_partido (partido_id, club_id, jugador_id, goles, amarilla, descalificacion, exclusion, tarjeta_azul) VALUES (5, 3, 26, 0, 0, 0, 0, 0);
INSERT INTO match_report.jugo_partido (partido_id, club_id, jugador_id, goles, amarilla, descalificacion, exclusion, tarjeta_azul) VALUES (5, 3, 27, 0, 0, 0, 0, 0);
INSERT INTO match_report.jugo_partido (partido_id, club_id, jugador_id, goles, amarilla, descalificacion, exclusion, tarjeta_azul) VALUES (5, 3, 28, 0, 0, 0, 0, 0);
INSERT INTO match_report.jugo_partido (partido_id, club_id, jugador_id, goles, amarilla, descalificacion, exclusion, tarjeta_azul) VALUES (5, 3, 29, 0, 0, 0, 0, 0);
INSERT INTO match_report.jugo_partido (partido_id, club_id, jugador_id, goles, amarilla, descalificacion, exclusion, tarjeta_azul) VALUES (5, 3, 30, 0, 0, 0, 0, 0);
INSERT INTO match_report.jugo_partido (partido_id, club_id, jugador_id, goles, amarilla, descalificacion, exclusion, tarjeta_azul) VALUES (5, 3, 31, 0, 0, 0, 0, 0);
INSERT INTO match_report.jugo_partido (partido_id, club_id, jugador_id, goles, amarilla, descalificacion, exclusion, tarjeta_azul) VALUES (5, 3, 32, 0, 0, 0, 0, 0);
INSERT INTO match_report.jugo_partido (partido_id, club_id, jugador_id, goles, amarilla, descalificacion, exclusion, tarjeta_azul) VALUES (5, 3, 33, 0, 0, 0, 0, 0);
-- PARTIDO 6 --
INSERT INTO match_report.jugo_partido (partido_id, club_id, jugador_id, goles, amarilla, descalificacion, exclusion, tarjeta_azul) VALUES (6, 2, 13, 0, 0, 0, 0, 0);
INSERT INTO match_report.jugo_partido (partido_id, club_id, jugador_id, goles, amarilla, descalificacion, exclusion, tarjeta_azul) VALUES (6, 2, 14, 0, 0, 0, 0, 0);
INSERT INTO match_report.jugo_partido (partido_id, club_id, jugador_id, goles, amarilla, descalificacion, exclusion, tarjeta_azul) VALUES (6, 2, 15, 0, 0, 0, 0, 0);
INSERT INTO match_report.jugo_partido (partido_id, club_id, jugador_id, goles, amarilla, descalificacion, exclusion, tarjeta_azul) VALUES (6, 2, 16, 0, 0, 0, 0, 0);
INSERT INTO match_report.jugo_partido (partido_id, club_id, jugador_id, goles, amarilla, descalificacion, exclusion, tarjeta_azul) VALUES (6, 2, 17, 0, 0, 0, 0, 0);
INSERT INTO match_report.jugo_partido (partido_id, club_id, jugador_id, goles, amarilla, descalificacion, exclusion, tarjeta_azul) VALUES (6, 2, 18, 0, 0, 0, 0, 0);
INSERT INTO match_report.jugo_partido (partido_id, club_id, jugador_id, goles, amarilla, descalificacion, exclusion, tarjeta_azul) VALUES (6, 2, 19, 0, 0, 0, 0, 0);
INSERT INTO match_report.jugo_partido (partido_id, club_id, jugador_id, goles, amarilla, descalificacion, exclusion, tarjeta_azul) VALUES (6, 2, 20, 0, 0, 0, 0, 0);
INSERT INTO match_report.jugo_partido (partido_id, club_id, jugador_id, goles, amarilla, descalificacion, exclusion, tarjeta_azul) VALUES (6, 2, 21, 0, 0, 0, 0, 0);
INSERT INTO match_report.jugo_partido (partido_id, club_id, jugador_id, goles, amarilla, descalificacion, exclusion, tarjeta_azul) VALUES (6, 2, 22, 0, 0, 0, 0, 0);
INSERT INTO match_report.jugo_partido (partido_id, club_id, jugador_id, goles, amarilla, descalificacion, exclusion, tarjeta_azul) VALUES (6, 4, 34, 0, 0, 0, 0, 0);
INSERT INTO match_report.jugo_partido (partido_id, club_id, jugador_id, goles, amarilla, descalificacion, exclusion, tarjeta_azul) VALUES (6, 4, 35, 0, 0, 0, 0, 0);
INSERT INTO match_report.jugo_partido (partido_id, club_id, jugador_id, goles, amarilla, descalificacion, exclusion, tarjeta_azul) VALUES (6, 4, 36, 0, 0, 0, 0, 0);
INSERT INTO match_report.jugo_partido (partido_id, club_id, jugador_id, goles, amarilla, descalificacion, exclusion, tarjeta_azul) VALUES (6, 4, 37, 0, 0, 0, 0, 0);
INSERT INTO match_report.jugo_partido (partido_id, club_id, jugador_id, goles, amarilla, descalificacion, exclusion, tarjeta_azul) VALUES (6, 4, 38, 0, 0, 0, 0, 0);
INSERT INTO match_report.jugo_partido (partido_id, club_id, jugador_id, goles, amarilla, descalificacion, exclusion, tarjeta_azul) VALUES (6, 4, 39, 0, 0, 0, 0, 0);
INSERT INTO match_report.jugo_partido (partido_id, club_id, jugador_id, goles, amarilla, descalificacion, exclusion, tarjeta_azul) VALUES (6, 4, 40, 0, 0, 0, 0, 0);
INSERT INTO match_report.jugo_partido (partido_id, club_id, jugador_id, goles, amarilla, descalificacion, exclusion, tarjeta_azul) VALUES (6, 4, 41, 0, 0, 0, 0, 0);
INSERT INTO match_report.jugo_partido (partido_id, club_id, jugador_id, goles, amarilla, descalificacion, exclusion, tarjeta_azul) VALUES (6, 4, 42, 0, 0, 0, 0, 0);
INSERT INTO match_report.jugo_partido (partido_id, club_id, jugador_id, goles, amarilla, descalificacion, exclusion, tarjeta_azul) VALUES (6, 4, 43, 0, 0, 0, 0, 0);
INSERT INTO match_report.jugo_partido (partido_id, club_id, jugador_id, goles, amarilla, descalificacion, exclusion, tarjeta_azul) VALUES (6, 4, 44, 0, 0, 0, 0, 0);
-- PARTIDO 7 --
INSERT INTO match_report.jugo_partido (partido_id, club_id, jugador_id, goles, amarilla, descalificacion, exclusion, tarjeta_azul) VALUES (7, 1, 1, 0, 0, 0, 0, 0);
INSERT INTO match_report.jugo_partido (partido_id, club_id, jugador_id, goles, amarilla, descalificacion, exclusion, tarjeta_azul) VALUES (7, 1, 2, 0, 0, 0, 0, 0);
INSERT INTO match_report.jugo_partido (partido_id, club_id, jugador_id, goles, amarilla, descalificacion, exclusion, tarjeta_azul) VALUES (7, 1, 3, 0, 0, 0, 0, 0);
INSERT INTO match_report.jugo_partido (partido_id, club_id, jugador_id, goles, amarilla, descalificacion, exclusion, tarjeta_azul) VALUES (7, 1, 4, 0, 0, 0, 0, 0);
INSERT INTO match_report.jugo_partido (partido_id, club_id, jugador_id, goles, amarilla, descalificacion, exclusion, tarjeta_azul) VALUES (7, 1, 5, 0, 0, 0, 0, 0);
INSERT INTO match_report.jugo_partido (partido_id, club_id, jugador_id, goles, amarilla, descalificacion, exclusion, tarjeta_azul) VALUES (7, 1, 6, 0, 0, 0, 0, 0);
INSERT INTO match_report.jugo_partido (partido_id, club_id, jugador_id, goles, amarilla, descalificacion, exclusion, tarjeta_azul) VALUES (7, 1, 7, 0, 0, 0, 0, 0);
INSERT INTO match_report.jugo_partido (partido_id, club_id, jugador_id, goles, amarilla, descalificacion, exclusion, tarjeta_azul) VALUES (7, 1, 8, 0, 0, 0, 0, 0);
INSERT INTO match_report.jugo_partido (partido_id, club_id, jugador_id, goles, amarilla, descalificacion, exclusion, tarjeta_azul) VALUES (7, 1, 9, 0, 0, 0, 0, 0);
INSERT INTO match_report.jugo_partido (partido_id, club_id, jugador_id, goles, amarilla, descalificacion, exclusion, tarjeta_azul) VALUES (7, 1, 10, 0, 0, 0, 0, 0);
INSERT INTO match_report.jugo_partido (partido_id, club_id, jugador_id, goles, amarilla, descalificacion, exclusion, tarjeta_azul) VALUES (7, 1, 11, 0, 0, 0, 0, 0);
INSERT INTO match_report.jugo_partido (partido_id, club_id, jugador_id, goles, amarilla, descalificacion, exclusion, tarjeta_azul) VALUES (7, 3, 23, 0, 0, 0, 0, 0);
INSERT INTO match_report.jugo_partido (partido_id, club_id, jugador_id, goles, amarilla, descalificacion, exclusion, tarjeta_azul) VALUES (7, 3, 24, 0, 0, 0, 0, 0);
INSERT INTO match_report.jugo_partido (partido_id, club_id, jugador_id, goles, amarilla, descalificacion, exclusion, tarjeta_azul) VALUES (7, 3, 25, 0, 0, 0, 0, 0);
INSERT INTO match_report.jugo_partido (partido_id, club_id, jugador_id, goles, amarilla, descalificacion, exclusion, tarjeta_azul) VALUES (7, 3, 26, 0, 0, 0, 0, 0);
INSERT INTO match_report.jugo_partido (partido_id, club_id, jugador_id, goles, amarilla, descalificacion, exclusion, tarjeta_azul) VALUES (7, 3, 27, 0, 0, 0, 0, 0);
INSERT INTO match_report.jugo_partido (partido_id, club_id, jugador_id, goles, amarilla, descalificacion, exclusion, tarjeta_azul) VALUES (7, 3, 28, 0, 0, 0, 0, 0);
INSERT INTO match_report.jugo_partido (partido_id, club_id, jugador_id, goles, amarilla, descalificacion, exclusion, tarjeta_azul) VALUES (7, 3, 29, 0, 0, 0, 0, 0);
INSERT INTO match_report.jugo_partido (partido_id, club_id, jugador_id, goles, amarilla, descalificacion, exclusion, tarjeta_azul) VALUES (7, 3, 30, 0, 0, 0, 0, 0);
INSERT INTO match_report.jugo_partido (partido_id, club_id, jugador_id, goles, amarilla, descalificacion, exclusion, tarjeta_azul) VALUES (7, 3, 31, 0, 0, 0, 0, 0);
INSERT INTO match_report.jugo_partido (partido_id, club_id, jugador_id, goles, amarilla, descalificacion, exclusion, tarjeta_azul) VALUES (7, 3, 32, 0, 0, 0, 0, 0);
INSERT INTO match_report.jugo_partido (partido_id, club_id, jugador_id, goles, amarilla, descalificacion, exclusion, tarjeta_azul) VALUES (7, 3, 33, 0, 0, 0, 0, 0);
-- PARTIDO 8 --
INSERT INTO match_report.jugo_partido (partido_id, club_id, jugador_id, goles, amarilla, descalificacion, exclusion, tarjeta_azul) VALUES (8, 2, 13, 0, 0, 0, 0, 0);
INSERT INTO match_report.jugo_partido (partido_id, club_id, jugador_id, goles, amarilla, descalificacion, exclusion, tarjeta_azul) VALUES (8, 2, 14, 0, 0, 0, 0, 0);
INSERT INTO match_report.jugo_partido (partido_id, club_id, jugador_id, goles, amarilla, descalificacion, exclusion, tarjeta_azul) VALUES (8, 2, 15, 0, 0, 0, 0, 0);
INSERT INTO match_report.jugo_partido (partido_id, club_id, jugador_id, goles, amarilla, descalificacion, exclusion, tarjeta_azul) VALUES (8, 2, 16, 0, 0, 0, 0, 0);
INSERT INTO match_report.jugo_partido (partido_id, club_id, jugador_id, goles, amarilla, descalificacion, exclusion, tarjeta_azul) VALUES (8, 2, 17, 0, 0, 0, 0, 0);
INSERT INTO match_report.jugo_partido (partido_id, club_id, jugador_id, goles, amarilla, descalificacion, exclusion, tarjeta_azul) VALUES (8, 2, 18, 0, 0, 0, 0, 0);
INSERT INTO match_report.jugo_partido (partido_id, club_id, jugador_id, goles, amarilla, descalificacion, exclusion, tarjeta_azul) VALUES (8, 2, 19, 0, 0, 0, 0, 0);
INSERT INTO match_report.jugo_partido (partido_id, club_id, jugador_id, goles, amarilla, descalificacion, exclusion, tarjeta_azul) VALUES (8, 2, 20, 0, 0, 0, 0, 0);
INSERT INTO match_report.jugo_partido (partido_id, club_id, jugador_id, goles, amarilla, descalificacion, exclusion, tarjeta_azul) VALUES (8, 2, 21, 0, 0, 0, 0, 0);
INSERT INTO match_report.jugo_partido (partido_id, club_id, jugador_id, goles, amarilla, descalificacion, exclusion, tarjeta_azul) VALUES (8, 2, 22, 0, 0, 0, 0, 0);
INSERT INTO match_report.jugo_partido (partido_id, club_id, jugador_id, goles, amarilla, descalificacion, exclusion, tarjeta_azul) VALUES (8, 4, 34, 0, 0, 0, 0, 0);
INSERT INTO match_report.jugo_partido (partido_id, club_id, jugador_id, goles, amarilla, descalificacion, exclusion, tarjeta_azul) VALUES (8, 4, 35, 0, 0, 0, 0, 0);
INSERT INTO match_report.jugo_partido (partido_id, club_id, jugador_id, goles, amarilla, descalificacion, exclusion, tarjeta_azul) VALUES (8, 4, 36, 0, 0, 0, 0, 0);
INSERT INTO match_report.jugo_partido (partido_id, club_id, jugador_id, goles, amarilla, descalificacion, exclusion, tarjeta_azul) VALUES (8, 4, 37, 0, 0, 0, 0, 0);
INSERT INTO match_report.jugo_partido (partido_id, club_id, jugador_id, goles, amarilla, descalificacion, exclusion, tarjeta_azul) VALUES (8, 4, 38, 0, 0, 0, 0, 0);
INSERT INTO match_report.jugo_partido (partido_id, club_id, jugador_id, goles, amarilla, descalificacion, exclusion, tarjeta_azul) VALUES (8, 4, 39, 0, 0, 0, 0, 0);
INSERT INTO match_report.jugo_partido (partido_id, club_id, jugador_id, goles, amarilla, descalificacion, exclusion, tarjeta_azul) VALUES (8, 4, 40, 0, 0, 0, 0, 0);
INSERT INTO match_report.jugo_partido (partido_id, club_id, jugador_id, goles, amarilla, descalificacion, exclusion, tarjeta_azul) VALUES (8, 4, 41, 0, 0, 0, 0, 0);
INSERT INTO match_report.jugo_partido (partido_id, club_id, jugador_id, goles, amarilla, descalificacion, exclusion, tarjeta_azul) VALUES (8, 4, 42, 0, 0, 0, 0, 0);
INSERT INTO match_report.jugo_partido (partido_id, club_id, jugador_id, goles, amarilla, descalificacion, exclusion, tarjeta_azul) VALUES (8, 4, 43, 0, 0, 0, 0, 0);
INSERT INTO match_report.jugo_partido (partido_id, club_id, jugador_id, goles, amarilla, descalificacion, exclusion, tarjeta_azul) VALUES (8, 4, 44, 0, 0, 0, 0, 0);
-- PARTIDO 9 --
INSERT INTO match_report.jugo_partido (partido_id, club_id, jugador_id, goles, amarilla, descalificacion, exclusion, tarjeta_azul) VALUES (9, 1, 1, 0, 0, 0, 0, 0);
INSERT INTO match_report.jugo_partido (partido_id, club_id, jugador_id, goles, amarilla, descalificacion, exclusion, tarjeta_azul) VALUES (9, 1, 2, 0, 0, 0, 0, 0);
INSERT INTO match_report.jugo_partido (partido_id, club_id, jugador_id, goles, amarilla, descalificacion, exclusion, tarjeta_azul) VALUES (9, 1, 3, 0, 0, 0, 0, 0);
INSERT INTO match_report.jugo_partido (partido_id, club_id, jugador_id, goles, amarilla, descalificacion, exclusion, tarjeta_azul) VALUES (9, 1, 4, 0, 0, 0, 0, 0);
INSERT INTO match_report.jugo_partido (partido_id, club_id, jugador_id, goles, amarilla, descalificacion, exclusion, tarjeta_azul) VALUES (9, 1, 5, 0, 0, 0, 0, 0);
INSERT INTO match_report.jugo_partido (partido_id, club_id, jugador_id, goles, amarilla, descalificacion, exclusion, tarjeta_azul) VALUES (9, 1, 6, 0, 0, 0, 0, 0);
INSERT INTO match_report.jugo_partido (partido_id, club_id, jugador_id, goles, amarilla, descalificacion, exclusion, tarjeta_azul) VALUES (9, 1, 7, 0, 0, 0, 0, 0);
INSERT INTO match_report.jugo_partido (partido_id, club_id, jugador_id, goles, amarilla, descalificacion, exclusion, tarjeta_azul) VALUES (9, 1, 8, 0, 0, 0, 0, 0);
INSERT INTO match_report.jugo_partido (partido_id, club_id, jugador_id, goles, amarilla, descalificacion, exclusion, tarjeta_azul) VALUES (9, 1, 9, 0, 0, 0, 0, 0);
INSERT INTO match_report.jugo_partido (partido_id, club_id, jugador_id, goles, amarilla, descalificacion, exclusion, tarjeta_azul) VALUES (9, 1, 10, 0, 0, 0, 0, 0);
INSERT INTO match_report.jugo_partido (partido_id, club_id, jugador_id, goles, amarilla, descalificacion, exclusion, tarjeta_azul) VALUES (9, 1, 11, 0, 0, 0, 0, 0);
INSERT INTO match_report.jugo_partido (partido_id, club_id, jugador_id, goles, amarilla, descalificacion, exclusion, tarjeta_azul) VALUES (9, 4, 34, 0, 0, 0, 0, 0);
INSERT INTO match_report.jugo_partido (partido_id, club_id, jugador_id, goles, amarilla, descalificacion, exclusion, tarjeta_azul) VALUES (9, 4, 35, 0, 0, 0, 0, 0);
INSERT INTO match_report.jugo_partido (partido_id, club_id, jugador_id, goles, amarilla, descalificacion, exclusion, tarjeta_azul) VALUES (9, 4, 36, 0, 0, 0, 0, 0);
INSERT INTO match_report.jugo_partido (partido_id, club_id, jugador_id, goles, amarilla, descalificacion, exclusion, tarjeta_azul) VALUES (9, 4, 37, 0, 0, 0, 0, 0);
INSERT INTO match_report.jugo_partido (partido_id, club_id, jugador_id, goles, amarilla, descalificacion, exclusion, tarjeta_azul) VALUES (9, 4, 38, 0, 0, 0, 0, 0);
INSERT INTO match_report.jugo_partido (partido_id, club_id, jugador_id, goles, amarilla, descalificacion, exclusion, tarjeta_azul) VALUES (9, 4, 39, 0, 0, 0, 0, 0);
INSERT INTO match_report.jugo_partido (partido_id, club_id, jugador_id, goles, amarilla, descalificacion, exclusion, tarjeta_azul) VALUES (9, 4, 40, 0, 0, 0, 0, 0);
INSERT INTO match_report.jugo_partido (partido_id, club_id, jugador_id, goles, amarilla, descalificacion, exclusion, tarjeta_azul) VALUES (9, 4, 41, 0, 0, 0, 0, 0);
INSERT INTO match_report.jugo_partido (partido_id, club_id, jugador_id, goles, amarilla, descalificacion, exclusion, tarjeta_azul) VALUES (9, 4, 42, 0, 0, 0, 0, 0);
INSERT INTO match_report.jugo_partido (partido_id, club_id, jugador_id, goles, amarilla, descalificacion, exclusion, tarjeta_azul) VALUES (9, 4, 43, 0, 0, 0, 0, 0);
INSERT INTO match_report.jugo_partido (partido_id, club_id, jugador_id, goles, amarilla, descalificacion, exclusion, tarjeta_azul) VALUES (9, 4, 44, 0, 0, 0, 0, 0);
-- PARTIDO 10 --
INSERT INTO match_report.jugo_partido (partido_id, club_id, jugador_id, goles, amarilla, descalificacion, exclusion, tarjeta_azul) VALUES (10, 2, 13, 0, 0, 0, 0, 0);
INSERT INTO match_report.jugo_partido (partido_id, club_id, jugador_id, goles, amarilla, descalificacion, exclusion, tarjeta_azul) VALUES (10, 2, 14, 0, 0, 0, 0, 0);
INSERT INTO match_report.jugo_partido (partido_id, club_id, jugador_id, goles, amarilla, descalificacion, exclusion, tarjeta_azul) VALUES (10, 2, 15, 0, 0, 0, 0, 0);
INSERT INTO match_report.jugo_partido (partido_id, club_id, jugador_id, goles, amarilla, descalificacion, exclusion, tarjeta_azul) VALUES (10, 2, 16, 0, 0, 0, 0, 0);
INSERT INTO match_report.jugo_partido (partido_id, club_id, jugador_id, goles, amarilla, descalificacion, exclusion, tarjeta_azul) VALUES (10, 2, 17, 0, 0, 0, 0, 0);
INSERT INTO match_report.jugo_partido (partido_id, club_id, jugador_id, goles, amarilla, descalificacion, exclusion, tarjeta_azul) VALUES (10, 2, 18, 0, 0, 0, 0, 0);
INSERT INTO match_report.jugo_partido (partido_id, club_id, jugador_id, goles, amarilla, descalificacion, exclusion, tarjeta_azul) VALUES (10, 2, 19, 0, 0, 0, 0, 0);
INSERT INTO match_report.jugo_partido (partido_id, club_id, jugador_id, goles, amarilla, descalificacion, exclusion, tarjeta_azul) VALUES (10, 2, 20, 0, 0, 0, 0, 0);
INSERT INTO match_report.jugo_partido (partido_id, club_id, jugador_id, goles, amarilla, descalificacion, exclusion, tarjeta_azul) VALUES (10, 2, 21, 0, 0, 0, 0, 0);
INSERT INTO match_report.jugo_partido (partido_id, club_id, jugador_id, goles, amarilla, descalificacion, exclusion, tarjeta_azul) VALUES (10, 2, 22, 0, 0, 0, 0, 0);
INSERT INTO match_report.jugo_partido (partido_id, club_id, jugador_id, goles, amarilla, descalificacion, exclusion, tarjeta_azul) VALUES (10, 3, 23, 0, 0, 0, 0, 0);
INSERT INTO match_report.jugo_partido (partido_id, club_id, jugador_id, goles, amarilla, descalificacion, exclusion, tarjeta_azul) VALUES (10, 3, 24, 0, 0, 0, 0, 0);
INSERT INTO match_report.jugo_partido (partido_id, club_id, jugador_id, goles, amarilla, descalificacion, exclusion, tarjeta_azul) VALUES (10, 3, 25, 0, 0, 0, 0, 0);
INSERT INTO match_report.jugo_partido (partido_id, club_id, jugador_id, goles, amarilla, descalificacion, exclusion, tarjeta_azul) VALUES (10, 3, 26, 0, 0, 0, 0, 0);
INSERT INTO match_report.jugo_partido (partido_id, club_id, jugador_id, goles, amarilla, descalificacion, exclusion, tarjeta_azul) VALUES (10, 3, 27, 0, 0, 0, 0, 0);
INSERT INTO match_report.jugo_partido (partido_id, club_id, jugador_id, goles, amarilla, descalificacion, exclusion, tarjeta_azul) VALUES (10, 3, 28, 0, 0, 0, 0, 0);
INSERT INTO match_report.jugo_partido (partido_id, club_id, jugador_id, goles, amarilla, descalificacion, exclusion, tarjeta_azul) VALUES (10, 3, 29, 0, 0, 0, 0, 0);
INSERT INTO match_report.jugo_partido (partido_id, club_id, jugador_id, goles, amarilla, descalificacion, exclusion, tarjeta_azul) VALUES (10, 3, 30, 0, 0, 0, 0, 0);
INSERT INTO match_report.jugo_partido (partido_id, club_id, jugador_id, goles, amarilla, descalificacion, exclusion, tarjeta_azul) VALUES (10, 3, 31, 0, 0, 0, 0, 0);
INSERT INTO match_report.jugo_partido (partido_id, club_id, jugador_id, goles, amarilla, descalificacion, exclusion, tarjeta_azul) VALUES (10, 3, 32, 0, 0, 0, 0, 0);
INSERT INTO match_report.jugo_partido (partido_id, club_id, jugador_id, goles, amarilla, descalificacion, exclusion, tarjeta_azul) VALUES (10, 3, 33, 0, 0, 0, 0, 0);
-- PARTIDO 11 --
INSERT INTO match_report.jugo_partido (partido_id, club_id, jugador_id, goles, amarilla, descalificacion, exclusion, tarjeta_azul) VALUES (11, 1, 1, 0, 0, 0, 0, 0);
INSERT INTO match_report.jugo_partido (partido_id, club_id, jugador_id, goles, amarilla, descalificacion, exclusion, tarjeta_azul) VALUES (11, 1, 2, 0, 0, 0, 0, 0);
INSERT INTO match_report.jugo_partido (partido_id, club_id, jugador_id, goles, amarilla, descalificacion, exclusion, tarjeta_azul) VALUES (11, 1, 3, 0, 0, 0, 0, 0);
INSERT INTO match_report.jugo_partido (partido_id, club_id, jugador_id, goles, amarilla, descalificacion, exclusion, tarjeta_azul) VALUES (11, 1, 4, 0, 0, 0, 0, 0);
INSERT INTO match_report.jugo_partido (partido_id, club_id, jugador_id, goles, amarilla, descalificacion, exclusion, tarjeta_azul) VALUES (11, 1, 5, 0, 0, 0, 0, 0);
INSERT INTO match_report.jugo_partido (partido_id, club_id, jugador_id, goles, amarilla, descalificacion, exclusion, tarjeta_azul) VALUES (11, 1, 6, 0, 0, 0, 0, 0);
INSERT INTO match_report.jugo_partido (partido_id, club_id, jugador_id, goles, amarilla, descalificacion, exclusion, tarjeta_azul) VALUES (11, 1, 7, 0, 0, 0, 0, 0);
INSERT INTO match_report.jugo_partido (partido_id, club_id, jugador_id, goles, amarilla, descalificacion, exclusion, tarjeta_azul) VALUES (11, 1, 8, 0, 0, 0, 0, 0);
INSERT INTO match_report.jugo_partido (partido_id, club_id, jugador_id, goles, amarilla, descalificacion, exclusion, tarjeta_azul) VALUES (11, 1, 9, 0, 0, 0, 0, 0);
INSERT INTO match_report.jugo_partido (partido_id, club_id, jugador_id, goles, amarilla, descalificacion, exclusion, tarjeta_azul) VALUES (11, 1, 10, 0, 0, 0, 0, 0);
INSERT INTO match_report.jugo_partido (partido_id, club_id, jugador_id, goles, amarilla, descalificacion, exclusion, tarjeta_azul) VALUES (11, 1, 11, 0, 0, 0, 0, 0);
INSERT INTO match_report.jugo_partido (partido_id, club_id, jugador_id, goles, amarilla, descalificacion, exclusion, tarjeta_azul) VALUES (11, 4, 34, 0, 0, 0, 0, 0);
INSERT INTO match_report.jugo_partido (partido_id, club_id, jugador_id, goles, amarilla, descalificacion, exclusion, tarjeta_azul) VALUES (11, 4, 35, 0, 0, 0, 0, 0);
INSERT INTO match_report.jugo_partido (partido_id, club_id, jugador_id, goles, amarilla, descalificacion, exclusion, tarjeta_azul) VALUES (11, 4, 36, 0, 0, 0, 0, 0);
INSERT INTO match_report.jugo_partido (partido_id, club_id, jugador_id, goles, amarilla, descalificacion, exclusion, tarjeta_azul) VALUES (11, 4, 37, 0, 0, 0, 0, 0);
INSERT INTO match_report.jugo_partido (partido_id, club_id, jugador_id, goles, amarilla, descalificacion, exclusion, tarjeta_azul) VALUES (11, 4, 38, 0, 0, 0, 0, 0);
INSERT INTO match_report.jugo_partido (partido_id, club_id, jugador_id, goles, amarilla, descalificacion, exclusion, tarjeta_azul) VALUES (11, 4, 39, 0, 0, 0, 0, 0);
INSERT INTO match_report.jugo_partido (partido_id, club_id, jugador_id, goles, amarilla, descalificacion, exclusion, tarjeta_azul) VALUES (11, 4, 40, 0, 0, 0, 0, 0);
INSERT INTO match_report.jugo_partido (partido_id, club_id, jugador_id, goles, amarilla, descalificacion, exclusion, tarjeta_azul) VALUES (11, 4, 41, 0, 0, 0, 0, 0);
INSERT INTO match_report.jugo_partido (partido_id, club_id, jugador_id, goles, amarilla, descalificacion, exclusion, tarjeta_azul) VALUES (11, 4, 42, 0, 0, 0, 0, 0);
INSERT INTO match_report.jugo_partido (partido_id, club_id, jugador_id, goles, amarilla, descalificacion, exclusion, tarjeta_azul) VALUES (11, 4, 43, 0, 0, 0, 0, 0);
INSERT INTO match_report.jugo_partido (partido_id, club_id, jugador_id, goles, amarilla, descalificacion, exclusion, tarjeta_azul) VALUES (11, 4, 44, 0, 0, 0, 0, 0);
-- PARTIDO 12 --
INSERT INTO match_report.jugo_partido (partido_id, club_id, jugador_id, goles, amarilla, descalificacion, exclusion, tarjeta_azul) VALUES (12, 2, 13, 0, 0, 0, 0, 0);
INSERT INTO match_report.jugo_partido (partido_id, club_id, jugador_id, goles, amarilla, descalificacion, exclusion, tarjeta_azul) VALUES (12, 2, 14, 0, 0, 0, 0, 0);
INSERT INTO match_report.jugo_partido (partido_id, club_id, jugador_id, goles, amarilla, descalificacion, exclusion, tarjeta_azul) VALUES (12, 2, 15, 0, 0, 0, 0, 0);
INSERT INTO match_report.jugo_partido (partido_id, club_id, jugador_id, goles, amarilla, descalificacion, exclusion, tarjeta_azul) VALUES (12, 2, 16, 0, 0, 0, 0, 0);
INSERT INTO match_report.jugo_partido (partido_id, club_id, jugador_id, goles, amarilla, descalificacion, exclusion, tarjeta_azul) VALUES (12, 2, 17, 0, 0, 0, 0, 0);
INSERT INTO match_report.jugo_partido (partido_id, club_id, jugador_id, goles, amarilla, descalificacion, exclusion, tarjeta_azul) VALUES (12, 2, 18, 0, 0, 0, 0, 0);
INSERT INTO match_report.jugo_partido (partido_id, club_id, jugador_id, goles, amarilla, descalificacion, exclusion, tarjeta_azul) VALUES (12, 2, 19, 0, 0, 0, 0, 0);
INSERT INTO match_report.jugo_partido (partido_id, club_id, jugador_id, goles, amarilla, descalificacion, exclusion, tarjeta_azul) VALUES (12, 2, 20, 0, 0, 0, 0, 0);
INSERT INTO match_report.jugo_partido (partido_id, club_id, jugador_id, goles, amarilla, descalificacion, exclusion, tarjeta_azul) VALUES (12, 2, 21, 0, 0, 0, 0, 0);
INSERT INTO match_report.jugo_partido (partido_id, club_id, jugador_id, goles, amarilla, descalificacion, exclusion, tarjeta_azul) VALUES (12, 2, 22, 0, 0, 0, 0, 0);
INSERT INTO match_report.jugo_partido (partido_id, club_id, jugador_id, goles, amarilla, descalificacion, exclusion, tarjeta_azul) VALUES (12, 3, 23, 0, 0, 0, 0, 0);
INSERT INTO match_report.jugo_partido (partido_id, club_id, jugador_id, goles, amarilla, descalificacion, exclusion, tarjeta_azul) VALUES (12, 3, 24, 0, 0, 0, 0, 0);
INSERT INTO match_report.jugo_partido (partido_id, club_id, jugador_id, goles, amarilla, descalificacion, exclusion, tarjeta_azul) VALUES (12, 3, 25, 0, 0, 0, 0, 0);
INSERT INTO match_report.jugo_partido (partido_id, club_id, jugador_id, goles, amarilla, descalificacion, exclusion, tarjeta_azul) VALUES (12, 3, 26, 0, 0, 0, 0, 0);
INSERT INTO match_report.jugo_partido (partido_id, club_id, jugador_id, goles, amarilla, descalificacion, exclusion, tarjeta_azul) VALUES (12, 3, 27, 0, 0, 0, 0, 0);
INSERT INTO match_report.jugo_partido (partido_id, club_id, jugador_id, goles, amarilla, descalificacion, exclusion, tarjeta_azul) VALUES (12, 3, 28, 0, 0, 0, 0, 0);
INSERT INTO match_report.jugo_partido (partido_id, club_id, jugador_id, goles, amarilla, descalificacion, exclusion, tarjeta_azul) VALUES (12, 3, 29, 0, 0, 0, 0, 0);
INSERT INTO match_report.jugo_partido (partido_id, club_id, jugador_id, goles, amarilla, descalificacion, exclusion, tarjeta_azul) VALUES (12, 3, 30, 0, 0, 0, 0, 0);
INSERT INTO match_report.jugo_partido (partido_id, club_id, jugador_id, goles, amarilla, descalificacion, exclusion, tarjeta_azul) VALUES (12, 3, 31, 0, 0, 0, 0, 0);
INSERT INTO match_report.jugo_partido (partido_id, club_id, jugador_id, goles, amarilla, descalificacion, exclusion, tarjeta_azul) VALUES (12, 3, 32, 0, 0, 0, 0, 0);
INSERT INTO match_report.jugo_partido (partido_id, club_id, jugador_id, goles, amarilla, descalificacion, exclusion, tarjeta_azul) VALUES (12, 3, 33, 0, 0, 0, 0, 0);
-- PARTIDO 13 --
INSERT INTO match_report.jugo_partido (partido_id, club_id, jugador_id, goles, amarilla, descalificacion, exclusion, tarjeta_azul) VALUES (13, 1, 1, 0, 0, 0, 0, 0);
INSERT INTO match_report.jugo_partido (partido_id, club_id, jugador_id, goles, amarilla, descalificacion, exclusion, tarjeta_azul) VALUES (13, 1, 2, 0, 0, 0, 0, 0);
INSERT INTO match_report.jugo_partido (partido_id, club_id, jugador_id, goles, amarilla, descalificacion, exclusion, tarjeta_azul) VALUES (13, 1, 3, 0, 0, 0, 0, 0);
INSERT INTO match_report.jugo_partido (partido_id, club_id, jugador_id, goles, amarilla, descalificacion, exclusion, tarjeta_azul) VALUES (13, 1, 4, 0, 0, 0, 0, 0);
INSERT INTO match_report.jugo_partido (partido_id, club_id, jugador_id, goles, amarilla, descalificacion, exclusion, tarjeta_azul) VALUES (13, 1, 5, 0, 0, 0, 0, 0);
INSERT INTO match_report.jugo_partido (partido_id, club_id, jugador_id, goles, amarilla, descalificacion, exclusion, tarjeta_azul) VALUES (13, 1, 6, 0, 0, 0, 0, 0);
INSERT INTO match_report.jugo_partido (partido_id, club_id, jugador_id, goles, amarilla, descalificacion, exclusion, tarjeta_azul) VALUES (13, 1, 7, 0, 0, 0, 0, 0);
INSERT INTO match_report.jugo_partido (partido_id, club_id, jugador_id, goles, amarilla, descalificacion, exclusion, tarjeta_azul) VALUES (13, 1, 8, 0, 0, 0, 0, 0);
INSERT INTO match_report.jugo_partido (partido_id, club_id, jugador_id, goles, amarilla, descalificacion, exclusion, tarjeta_azul) VALUES (13, 1, 9, 0, 0, 0, 0, 0);
INSERT INTO match_report.jugo_partido (partido_id, club_id, jugador_id, goles, amarilla, descalificacion, exclusion, tarjeta_azul) VALUES (13, 1, 10, 0, 0, 0, 0, 0);
INSERT INTO match_report.jugo_partido (partido_id, club_id, jugador_id, goles, amarilla, descalificacion, exclusion, tarjeta_azul) VALUES (13, 1, 11, 0, 0, 0, 0, 0);
INSERT INTO match_report.jugo_partido (partido_id, club_id, jugador_id, goles, amarilla, descalificacion, exclusion, tarjeta_azul) VALUES (13, 2, 12, 0, 0, 0, 0, 0);
INSERT INTO match_report.jugo_partido (partido_id, club_id, jugador_id, goles, amarilla, descalificacion, exclusion, tarjeta_azul) VALUES (13, 2, 13, 0, 0, 0, 0, 0);
INSERT INTO match_report.jugo_partido (partido_id, club_id, jugador_id, goles, amarilla, descalificacion, exclusion, tarjeta_azul) VALUES (13, 2, 14, 0, 0, 0, 0, 0);
INSERT INTO match_report.jugo_partido (partido_id, club_id, jugador_id, goles, amarilla, descalificacion, exclusion, tarjeta_azul) VALUES (13, 2, 15, 0, 0, 0, 0, 0);
INSERT INTO match_report.jugo_partido (partido_id, club_id, jugador_id, goles, amarilla, descalificacion, exclusion, tarjeta_azul) VALUES (13, 2, 16, 0, 0, 0, 0, 0);
INSERT INTO match_report.jugo_partido (partido_id, club_id, jugador_id, goles, amarilla, descalificacion, exclusion, tarjeta_azul) VALUES (13, 2, 17, 0, 0, 0, 0, 0);
INSERT INTO match_report.jugo_partido (partido_id, club_id, jugador_id, goles, amarilla, descalificacion, exclusion, tarjeta_azul) VALUES (13, 2, 18, 0, 0, 0, 0, 0);
INSERT INTO match_report.jugo_partido (partido_id, club_id, jugador_id, goles, amarilla, descalificacion, exclusion, tarjeta_azul) VALUES (13, 2, 19, 0, 0, 0, 0, 0);
INSERT INTO match_report.jugo_partido (partido_id, club_id, jugador_id, goles, amarilla, descalificacion, exclusion, tarjeta_azul) VALUES (13, 2, 20, 0, 0, 0, 0, 0);
INSERT INTO match_report.jugo_partido (partido_id, club_id, jugador_id, goles, amarilla, descalificacion, exclusion, tarjeta_azul) VALUES (13, 2, 21, 0, 0, 0, 0, 0);
INSERT INTO match_report.jugo_partido (partido_id, club_id, jugador_id, goles, amarilla, descalificacion, exclusion, tarjeta_azul) VALUES (13, 2, 22, 0, 0, 0, 0, 0);
-- PARTIDO 14 --
INSERT INTO match_report.jugo_partido (partido_id, club_id, jugador_id, goles, amarilla, descalificacion, exclusion, tarjeta_azul) VALUES (14, 3, 23, 0, 0, 0, 0, 0);
INSERT INTO match_report.jugo_partido (partido_id, club_id, jugador_id, goles, amarilla, descalificacion, exclusion, tarjeta_azul) VALUES (14, 3, 24, 0, 0, 0, 0, 0);
INSERT INTO match_report.jugo_partido (partido_id, club_id, jugador_id, goles, amarilla, descalificacion, exclusion, tarjeta_azul) VALUES (14, 3, 25, 0, 0, 0, 0, 0);
INSERT INTO match_report.jugo_partido (partido_id, club_id, jugador_id, goles, amarilla, descalificacion, exclusion, tarjeta_azul) VALUES (14, 3, 26, 0, 0, 0, 0, 0);
INSERT INTO match_report.jugo_partido (partido_id, club_id, jugador_id, goles, amarilla, descalificacion, exclusion, tarjeta_azul) VALUES (14, 3, 27, 0, 0, 0, 0, 0);
INSERT INTO match_report.jugo_partido (partido_id, club_id, jugador_id, goles, amarilla, descalificacion, exclusion, tarjeta_azul) VALUES (14, 3, 28, 0, 0, 0, 0, 0);
INSERT INTO match_report.jugo_partido (partido_id, club_id, jugador_id, goles, amarilla, descalificacion, exclusion, tarjeta_azul) VALUES (14, 3, 29, 0, 0, 0, 0, 0);
INSERT INTO match_report.jugo_partido (partido_id, club_id, jugador_id, goles, amarilla, descalificacion, exclusion, tarjeta_azul) VALUES (14, 3, 30, 0, 0, 0, 0, 0);
INSERT INTO match_report.jugo_partido (partido_id, club_id, jugador_id, goles, amarilla, descalificacion, exclusion, tarjeta_azul) VALUES (14, 3, 31, 0, 0, 0, 0, 0);
INSERT INTO match_report.jugo_partido (partido_id, club_id, jugador_id, goles, amarilla, descalificacion, exclusion, tarjeta_azul) VALUES (14, 3, 32, 0, 0, 0, 0, 0);
INSERT INTO match_report.jugo_partido (partido_id, club_id, jugador_id, goles, amarilla, descalificacion, exclusion, tarjeta_azul) VALUES (14, 3, 33, 0, 0, 0, 0, 0);
INSERT INTO match_report.jugo_partido (partido_id, club_id, jugador_id, goles, amarilla, descalificacion, exclusion, tarjeta_azul) VALUES (14, 4, 34, 0, 0, 0, 0, 0);
INSERT INTO match_report.jugo_partido (partido_id, club_id, jugador_id, goles, amarilla, descalificacion, exclusion, tarjeta_azul) VALUES (14, 4, 35, 0, 0, 0, 0, 0);
INSERT INTO match_report.jugo_partido (partido_id, club_id, jugador_id, goles, amarilla, descalificacion, exclusion, tarjeta_azul) VALUES (14, 4, 36, 0, 0, 0, 0, 0);
INSERT INTO match_report.jugo_partido (partido_id, club_id, jugador_id, goles, amarilla, descalificacion, exclusion, tarjeta_azul) VALUES (14, 4, 37, 0, 0, 0, 0, 0);
INSERT INTO match_report.jugo_partido (partido_id, club_id, jugador_id, goles, amarilla, descalificacion, exclusion, tarjeta_azul) VALUES (14, 4, 38, 0, 0, 0, 0, 0);
INSERT INTO match_report.jugo_partido (partido_id, club_id, jugador_id, goles, amarilla, descalificacion, exclusion, tarjeta_azul) VALUES (14, 4, 39, 0, 0, 0, 0, 0);
INSERT INTO match_report.jugo_partido (partido_id, club_id, jugador_id, goles, amarilla, descalificacion, exclusion, tarjeta_azul) VALUES (14, 4, 40, 0, 0, 0, 0, 0);
INSERT INTO match_report.jugo_partido (partido_id, club_id, jugador_id, goles, amarilla, descalificacion, exclusion, tarjeta_azul) VALUES (14, 4, 41, 0, 0, 0, 0, 0);
INSERT INTO match_report.jugo_partido (partido_id, club_id, jugador_id, goles, amarilla, descalificacion, exclusion, tarjeta_azul) VALUES (14, 4, 42, 0, 0, 0, 0, 0);
INSERT INTO match_report.jugo_partido (partido_id, club_id, jugador_id, goles, amarilla, descalificacion, exclusion, tarjeta_azul) VALUES (14, 4, 43, 0, 0, 0, 0, 0);
INSERT INTO match_report.jugo_partido (partido_id, club_id, jugador_id, goles, amarilla, descalificacion, exclusion, tarjeta_azul) VALUES (14, 4, 44, 0, 0, 0, 0, 0);
-- PARTIDO 15 --
INSERT INTO match_report.jugo_partido (partido_id, club_id, jugador_id, goles, amarilla, descalificacion, exclusion, tarjeta_azul) VALUES (15, 1, 1, 0, 0, 0, 0, 0);
INSERT INTO match_report.jugo_partido (partido_id, club_id, jugador_id, goles, amarilla, descalificacion, exclusion, tarjeta_azul) VALUES (15, 1, 2, 0, 0, 0, 0, 0);
INSERT INTO match_report.jugo_partido (partido_id, club_id, jugador_id, goles, amarilla, descalificacion, exclusion, tarjeta_azul) VALUES (15, 1, 3, 0, 0, 0, 0, 0);
INSERT INTO match_report.jugo_partido (partido_id, club_id, jugador_id, goles, amarilla, descalificacion, exclusion, tarjeta_azul) VALUES (15, 1, 4, 0, 0, 0, 0, 0);
INSERT INTO match_report.jugo_partido (partido_id, club_id, jugador_id, goles, amarilla, descalificacion, exclusion, tarjeta_azul) VALUES (15, 1, 5, 0, 0, 0, 0, 0);
INSERT INTO match_report.jugo_partido (partido_id, club_id, jugador_id, goles, amarilla, descalificacion, exclusion, tarjeta_azul) VALUES (15, 1, 6, 0, 0, 0, 0, 0);
INSERT INTO match_report.jugo_partido (partido_id, club_id, jugador_id, goles, amarilla, descalificacion, exclusion, tarjeta_azul) VALUES (15, 1, 7, 0, 0, 0, 0, 0);
INSERT INTO match_report.jugo_partido (partido_id, club_id, jugador_id, goles, amarilla, descalificacion, exclusion, tarjeta_azul) VALUES (15, 1, 8, 0, 0, 0, 0, 0);
INSERT INTO match_report.jugo_partido (partido_id, club_id, jugador_id, goles, amarilla, descalificacion, exclusion, tarjeta_azul) VALUES (15, 1, 9, 0, 0, 0, 0, 0);
INSERT INTO match_report.jugo_partido (partido_id, club_id, jugador_id, goles, amarilla, descalificacion, exclusion, tarjeta_azul) VALUES (15, 1, 10, 0, 0, 0, 0, 0);
INSERT INTO match_report.jugo_partido (partido_id, club_id, jugador_id, goles, amarilla, descalificacion, exclusion, tarjeta_azul) VALUES (15, 1, 11, 0, 0, 0, 0, 0);
INSERT INTO match_report.jugo_partido (partido_id, club_id, jugador_id, goles, amarilla, descalificacion, exclusion, tarjeta_azul) VALUES (15, 2, 12, 0, 0, 0, 0, 0);
INSERT INTO match_report.jugo_partido (partido_id, club_id, jugador_id, goles, amarilla, descalificacion, exclusion, tarjeta_azul) VALUES (15, 2, 13, 0, 0, 0, 0, 0);
INSERT INTO match_report.jugo_partido (partido_id, club_id, jugador_id, goles, amarilla, descalificacion, exclusion, tarjeta_azul) VALUES (15, 2, 14, 0, 0, 0, 0, 0);
INSERT INTO match_report.jugo_partido (partido_id, club_id, jugador_id, goles, amarilla, descalificacion, exclusion, tarjeta_azul) VALUES (15, 2, 15, 0, 0, 0, 0, 0);
INSERT INTO match_report.jugo_partido (partido_id, club_id, jugador_id, goles, amarilla, descalificacion, exclusion, tarjeta_azul) VALUES (15, 2, 16, 0, 0, 0, 0, 0);
INSERT INTO match_report.jugo_partido (partido_id, club_id, jugador_id, goles, amarilla, descalificacion, exclusion, tarjeta_azul) VALUES (15, 2, 17, 0, 0, 0, 0, 0);
INSERT INTO match_report.jugo_partido (partido_id, club_id, jugador_id, goles, amarilla, descalificacion, exclusion, tarjeta_azul) VALUES (15, 2, 18, 0, 0, 0, 0, 0);
INSERT INTO match_report.jugo_partido (partido_id, club_id, jugador_id, goles, amarilla, descalificacion, exclusion, tarjeta_azul) VALUES (15, 2, 19, 0, 0, 0, 0, 0);
INSERT INTO match_report.jugo_partido (partido_id, club_id, jugador_id, goles, amarilla, descalificacion, exclusion, tarjeta_azul) VALUES (15, 2, 20, 0, 0, 0, 0, 0);
INSERT INTO match_report.jugo_partido (partido_id, club_id, jugador_id, goles, amarilla, descalificacion, exclusion, tarjeta_azul) VALUES (15, 2, 21, 0, 0, 0, 0, 0);
INSERT INTO match_report.jugo_partido (partido_id, club_id, jugador_id, goles, amarilla, descalificacion, exclusion, tarjeta_azul) VALUES (15, 2, 22, 0, 0, 0, 0, 0);
-- PARTIDO 16 --
INSERT INTO match_report.jugo_partido (partido_id, club_id, jugador_id, goles, amarilla, descalificacion, exclusion, tarjeta_azul) VALUES (16, 3, 23, 0, 0, 0, 0, 0);
INSERT INTO match_report.jugo_partido (partido_id, club_id, jugador_id, goles, amarilla, descalificacion, exclusion, tarjeta_azul) VALUES (16, 3, 24, 0, 0, 0, 0, 0);
INSERT INTO match_report.jugo_partido (partido_id, club_id, jugador_id, goles, amarilla, descalificacion, exclusion, tarjeta_azul) VALUES (16, 3, 25, 0, 0, 0, 0, 0);
INSERT INTO match_report.jugo_partido (partido_id, club_id, jugador_id, goles, amarilla, descalificacion, exclusion, tarjeta_azul) VALUES (16, 3, 26, 0, 0, 0, 0, 0);
INSERT INTO match_report.jugo_partido (partido_id, club_id, jugador_id, goles, amarilla, descalificacion, exclusion, tarjeta_azul) VALUES (16, 3, 27, 0, 0, 0, 0, 0);
INSERT INTO match_report.jugo_partido (partido_id, club_id, jugador_id, goles, amarilla, descalificacion, exclusion, tarjeta_azul) VALUES (16, 3, 28, 0, 0, 0, 0, 0);
INSERT INTO match_report.jugo_partido (partido_id, club_id, jugador_id, goles, amarilla, descalificacion, exclusion, tarjeta_azul) VALUES (16, 3, 29, 0, 0, 0, 0, 0);
INSERT INTO match_report.jugo_partido (partido_id, club_id, jugador_id, goles, amarilla, descalificacion, exclusion, tarjeta_azul) VALUES (16, 3, 30, 0, 0, 0, 0, 0);
INSERT INTO match_report.jugo_partido (partido_id, club_id, jugador_id, goles, amarilla, descalificacion, exclusion, tarjeta_azul) VALUES (16, 3, 31, 0, 0, 0, 0, 0);
INSERT INTO match_report.jugo_partido (partido_id, club_id, jugador_id, goles, amarilla, descalificacion, exclusion, tarjeta_azul) VALUES (16, 3, 32, 0, 0, 0, 0, 0);
INSERT INTO match_report.jugo_partido (partido_id, club_id, jugador_id, goles, amarilla, descalificacion, exclusion, tarjeta_azul) VALUES (16, 3, 33, 0, 0, 0, 0, 0);
INSERT INTO match_report.jugo_partido (partido_id, club_id, jugador_id, goles, amarilla, descalificacion, exclusion, tarjeta_azul) VALUES (16, 4, 34, 0, 0, 0, 0, 0);
INSERT INTO match_report.jugo_partido (partido_id, club_id, jugador_id, goles, amarilla, descalificacion, exclusion, tarjeta_azul) VALUES (16, 4, 35, 0, 0, 0, 0, 0);
INSERT INTO match_report.jugo_partido (partido_id, club_id, jugador_id, goles, amarilla, descalificacion, exclusion, tarjeta_azul) VALUES (16, 4, 36, 0, 0, 0, 0, 0);
INSERT INTO match_report.jugo_partido (partido_id, club_id, jugador_id, goles, amarilla, descalificacion, exclusion, tarjeta_azul) VALUES (16, 4, 37, 0, 0, 0, 0, 0);
INSERT INTO match_report.jugo_partido (partido_id, club_id, jugador_id, goles, amarilla, descalificacion, exclusion, tarjeta_azul) VALUES (16, 4, 38, 0, 0, 0, 0, 0);
INSERT INTO match_report.jugo_partido (partido_id, club_id, jugador_id, goles, amarilla, descalificacion, exclusion, tarjeta_azul) VALUES (16, 4, 39, 0, 0, 0, 0, 0);
INSERT INTO match_report.jugo_partido (partido_id, club_id, jugador_id, goles, amarilla, descalificacion, exclusion, tarjeta_azul) VALUES (16, 4, 40, 0, 0, 0, 0, 0);
INSERT INTO match_report.jugo_partido (partido_id, club_id, jugador_id, goles, amarilla, descalificacion, exclusion, tarjeta_azul) VALUES (16, 4, 41, 0, 0, 0, 0, 0);
INSERT INTO match_report.jugo_partido (partido_id, club_id, jugador_id, goles, amarilla, descalificacion, exclusion, tarjeta_azul) VALUES (16, 4, 42, 0, 0, 0, 0, 0);
INSERT INTO match_report.jugo_partido (partido_id, club_id, jugador_id, goles, amarilla, descalificacion, exclusion, tarjeta_azul) VALUES (16, 4, 43, 0, 0, 0, 0, 0);
INSERT INTO match_report.jugo_partido (partido_id, club_id, jugador_id, goles, amarilla, descalificacion, exclusion, tarjeta_azul) VALUES (16, 4, 44, 0, 0, 0, 0, 0);
-- PARTIDO 17 --
INSERT INTO match_report.jugo_partido (partido_id, club_id, jugador_id, goles, amarilla, descalificacion, exclusion, tarjeta_azul) VALUES (17, 1, 1, 0, 0, 0, 0, 0);
INSERT INTO match_report.jugo_partido (partido_id, club_id, jugador_id, goles, amarilla, descalificacion, exclusion, tarjeta_azul) VALUES (17, 1, 2, 0, 0, 0, 0, 0);
INSERT INTO match_report.jugo_partido (partido_id, club_id, jugador_id, goles, amarilla, descalificacion, exclusion, tarjeta_azul) VALUES (17, 1, 3, 0, 0, 0, 0, 0);
INSERT INTO match_report.jugo_partido (partido_id, club_id, jugador_id, goles, amarilla, descalificacion, exclusion, tarjeta_azul) VALUES (17, 1, 4, 0, 0, 0, 0, 0);
INSERT INTO match_report.jugo_partido (partido_id, club_id, jugador_id, goles, amarilla, descalificacion, exclusion, tarjeta_azul) VALUES (17, 1, 5, 0, 0, 0, 0, 0);
INSERT INTO match_report.jugo_partido (partido_id, club_id, jugador_id, goles, amarilla, descalificacion, exclusion, tarjeta_azul) VALUES (17, 1, 6, 0, 0, 0, 0, 0);
INSERT INTO match_report.jugo_partido (partido_id, club_id, jugador_id, goles, amarilla, descalificacion, exclusion, tarjeta_azul) VALUES (17, 1, 7, 0, 0, 0, 0, 0);
INSERT INTO match_report.jugo_partido (partido_id, club_id, jugador_id, goles, amarilla, descalificacion, exclusion, tarjeta_azul) VALUES (17, 1, 8, 0, 0, 0, 0, 0);
INSERT INTO match_report.jugo_partido (partido_id, club_id, jugador_id, goles, amarilla, descalificacion, exclusion, tarjeta_azul) VALUES (17, 1, 9, 0, 0, 0, 0, 0);
INSERT INTO match_report.jugo_partido (partido_id, club_id, jugador_id, goles, amarilla, descalificacion, exclusion, tarjeta_azul) VALUES (17, 1, 10, 0, 0, 0, 0, 0);
INSERT INTO match_report.jugo_partido (partido_id, club_id, jugador_id, goles, amarilla, descalificacion, exclusion, tarjeta_azul) VALUES (17, 1, 11, 0, 0, 0, 0, 0);
INSERT INTO match_report.jugo_partido (partido_id, club_id, jugador_id, goles, amarilla, descalificacion, exclusion, tarjeta_azul) VALUES (17, 3, 23, 0, 0, 0, 0, 0);
INSERT INTO match_report.jugo_partido (partido_id, club_id, jugador_id, goles, amarilla, descalificacion, exclusion, tarjeta_azul) VALUES (17, 3, 24, 0, 0, 0, 0, 0);
INSERT INTO match_report.jugo_partido (partido_id, club_id, jugador_id, goles, amarilla, descalificacion, exclusion, tarjeta_azul) VALUES (17, 3, 25, 0, 0, 0, 0, 0);
INSERT INTO match_report.jugo_partido (partido_id, club_id, jugador_id, goles, amarilla, descalificacion, exclusion, tarjeta_azul) VALUES (17, 3, 26, 0, 0, 0, 0, 0);
INSERT INTO match_report.jugo_partido (partido_id, club_id, jugador_id, goles, amarilla, descalificacion, exclusion, tarjeta_azul) VALUES (17, 3, 27, 0, 0, 0, 0, 0);
INSERT INTO match_report.jugo_partido (partido_id, club_id, jugador_id, goles, amarilla, descalificacion, exclusion, tarjeta_azul) VALUES (17, 3, 28, 0, 0, 0, 0, 0);
INSERT INTO match_report.jugo_partido (partido_id, club_id, jugador_id, goles, amarilla, descalificacion, exclusion, tarjeta_azul) VALUES (17, 3, 29, 0, 0, 0, 0, 0);
INSERT INTO match_report.jugo_partido (partido_id, club_id, jugador_id, goles, amarilla, descalificacion, exclusion, tarjeta_azul) VALUES (17, 3, 30, 0, 0, 0, 0, 0);
INSERT INTO match_report.jugo_partido (partido_id, club_id, jugador_id, goles, amarilla, descalificacion, exclusion, tarjeta_azul) VALUES (17, 3, 31, 0, 0, 0, 0, 0);
INSERT INTO match_report.jugo_partido (partido_id, club_id, jugador_id, goles, amarilla, descalificacion, exclusion, tarjeta_azul) VALUES (17, 3, 32, 0, 0, 0, 0, 0);
INSERT INTO match_report.jugo_partido (partido_id, club_id, jugador_id, goles, amarilla, descalificacion, exclusion, tarjeta_azul) VALUES (17, 3, 33, 0, 0, 0, 0, 0);
-- PARTIDO 18 --
INSERT INTO match_report.jugo_partido (partido_id, club_id, jugador_id, goles, amarilla, descalificacion, exclusion, tarjeta_azul) VALUES (18, 2, 13, 0, 0, 0, 0, 0);
INSERT INTO match_report.jugo_partido (partido_id, club_id, jugador_id, goles, amarilla, descalificacion, exclusion, tarjeta_azul) VALUES (18, 2, 14, 0, 0, 0, 0, 0);
INSERT INTO match_report.jugo_partido (partido_id, club_id, jugador_id, goles, amarilla, descalificacion, exclusion, tarjeta_azul) VALUES (18, 2, 15, 0, 0, 0, 0, 0);
INSERT INTO match_report.jugo_partido (partido_id, club_id, jugador_id, goles, amarilla, descalificacion, exclusion, tarjeta_azul) VALUES (18, 2, 16, 0, 0, 0, 0, 0);
INSERT INTO match_report.jugo_partido (partido_id, club_id, jugador_id, goles, amarilla, descalificacion, exclusion, tarjeta_azul) VALUES (18, 2, 17, 0, 0, 0, 0, 0);
INSERT INTO match_report.jugo_partido (partido_id, club_id, jugador_id, goles, amarilla, descalificacion, exclusion, tarjeta_azul) VALUES (18, 2, 18, 0, 0, 0, 0, 0);
INSERT INTO match_report.jugo_partido (partido_id, club_id, jugador_id, goles, amarilla, descalificacion, exclusion, tarjeta_azul) VALUES (18, 2, 19, 0, 0, 0, 0, 0);
INSERT INTO match_report.jugo_partido (partido_id, club_id, jugador_id, goles, amarilla, descalificacion, exclusion, tarjeta_azul) VALUES (18, 2, 20, 0, 0, 0, 0, 0);
INSERT INTO match_report.jugo_partido (partido_id, club_id, jugador_id, goles, amarilla, descalificacion, exclusion, tarjeta_azul) VALUES (18, 2, 21, 0, 0, 0, 0, 0);
INSERT INTO match_report.jugo_partido (partido_id, club_id, jugador_id, goles, amarilla, descalificacion, exclusion, tarjeta_azul) VALUES (18, 2, 22, 0, 0, 0, 0, 0);
INSERT INTO match_report.jugo_partido (partido_id, club_id, jugador_id, goles, amarilla, descalificacion, exclusion, tarjeta_azul) VALUES (18, 4, 34, 0, 0, 0, 0, 0);
INSERT INTO match_report.jugo_partido (partido_id, club_id, jugador_id, goles, amarilla, descalificacion, exclusion, tarjeta_azul) VALUES (18, 4, 35, 0, 0, 0, 0, 0);
INSERT INTO match_report.jugo_partido (partido_id, club_id, jugador_id, goles, amarilla, descalificacion, exclusion, tarjeta_azul) VALUES (18, 4, 36, 0, 0, 0, 0, 0);
INSERT INTO match_report.jugo_partido (partido_id, club_id, jugador_id, goles, amarilla, descalificacion, exclusion, tarjeta_azul) VALUES (18, 4, 37, 0, 0, 0, 0, 0);
INSERT INTO match_report.jugo_partido (partido_id, club_id, jugador_id, goles, amarilla, descalificacion, exclusion, tarjeta_azul) VALUES (18, 4, 38, 0, 0, 0, 0, 0);
INSERT INTO match_report.jugo_partido (partido_id, club_id, jugador_id, goles, amarilla, descalificacion, exclusion, tarjeta_azul) VALUES (18, 4, 39, 0, 0, 0, 0, 0);
INSERT INTO match_report.jugo_partido (partido_id, club_id, jugador_id, goles, amarilla, descalificacion, exclusion, tarjeta_azul) VALUES (18, 4, 40, 0, 0, 0, 0, 0);
INSERT INTO match_report.jugo_partido (partido_id, club_id, jugador_id, goles, amarilla, descalificacion, exclusion, tarjeta_azul) VALUES (18, 4, 41, 0, 0, 0, 0, 0);
INSERT INTO match_report.jugo_partido (partido_id, club_id, jugador_id, goles, amarilla, descalificacion, exclusion, tarjeta_azul) VALUES (18, 4, 42, 0, 0, 0, 0, 0);
INSERT INTO match_report.jugo_partido (partido_id, club_id, jugador_id, goles, amarilla, descalificacion, exclusion, tarjeta_azul) VALUES (18, 4, 43, 0, 0, 0, 0, 0);
INSERT INTO match_report.jugo_partido (partido_id, club_id, jugador_id, goles, amarilla, descalificacion, exclusion, tarjeta_azul) VALUES (18, 4, 44, 0, 0, 0, 0, 0);
-- PARTIDO 19 --
INSERT INTO match_report.jugo_partido (partido_id, club_id, jugador_id, goles, amarilla, descalificacion, exclusion, tarjeta_azul) VALUES (19, 1, 1, 0, 0, 0, 0, 0);
INSERT INTO match_report.jugo_partido (partido_id, club_id, jugador_id, goles, amarilla, descalificacion, exclusion, tarjeta_azul) VALUES (19, 1, 2, 0, 0, 0, 0, 0);
INSERT INTO match_report.jugo_partido (partido_id, club_id, jugador_id, goles, amarilla, descalificacion, exclusion, tarjeta_azul) VALUES (19, 1, 3, 0, 0, 0, 0, 0);
INSERT INTO match_report.jugo_partido (partido_id, club_id, jugador_id, goles, amarilla, descalificacion, exclusion, tarjeta_azul) VALUES (19, 1, 4, 0, 0, 0, 0, 0);
INSERT INTO match_report.jugo_partido (partido_id, club_id, jugador_id, goles, amarilla, descalificacion, exclusion, tarjeta_azul) VALUES (19, 1, 5, 0, 0, 0, 0, 0);
INSERT INTO match_report.jugo_partido (partido_id, club_id, jugador_id, goles, amarilla, descalificacion, exclusion, tarjeta_azul) VALUES (19, 1, 6, 0, 0, 0, 0, 0);
INSERT INTO match_report.jugo_partido (partido_id, club_id, jugador_id, goles, amarilla, descalificacion, exclusion, tarjeta_azul) VALUES (19, 1, 7, 0, 0, 0, 0, 0);
INSERT INTO match_report.jugo_partido (partido_id, club_id, jugador_id, goles, amarilla, descalificacion, exclusion, tarjeta_azul) VALUES (19, 1, 8, 0, 0, 0, 0, 0);
INSERT INTO match_report.jugo_partido (partido_id, club_id, jugador_id, goles, amarilla, descalificacion, exclusion, tarjeta_azul) VALUES (19, 1, 9, 0, 0, 0, 0, 0);
INSERT INTO match_report.jugo_partido (partido_id, club_id, jugador_id, goles, amarilla, descalificacion, exclusion, tarjeta_azul) VALUES (19, 1, 10, 0, 0, 0, 0, 0);
INSERT INTO match_report.jugo_partido (partido_id, club_id, jugador_id, goles, amarilla, descalificacion, exclusion, tarjeta_azul) VALUES (19, 1, 11, 0, 0, 0, 0, 0);
INSERT INTO match_report.jugo_partido (partido_id, club_id, jugador_id, goles, amarilla, descalificacion, exclusion, tarjeta_azul) VALUES (19, 3, 23, 0, 0, 0, 0, 0);
INSERT INTO match_report.jugo_partido (partido_id, club_id, jugador_id, goles, amarilla, descalificacion, exclusion, tarjeta_azul) VALUES (19, 3, 24, 0, 0, 0, 0, 0);
INSERT INTO match_report.jugo_partido (partido_id, club_id, jugador_id, goles, amarilla, descalificacion, exclusion, tarjeta_azul) VALUES (19, 3, 25, 0, 0, 0, 0, 0);
INSERT INTO match_report.jugo_partido (partido_id, club_id, jugador_id, goles, amarilla, descalificacion, exclusion, tarjeta_azul) VALUES (19, 3, 26, 0, 0, 0, 0, 0);
INSERT INTO match_report.jugo_partido (partido_id, club_id, jugador_id, goles, amarilla, descalificacion, exclusion, tarjeta_azul) VALUES (19, 3, 27, 0, 0, 0, 0, 0);
INSERT INTO match_report.jugo_partido (partido_id, club_id, jugador_id, goles, amarilla, descalificacion, exclusion, tarjeta_azul) VALUES (19, 3, 28, 0, 0, 0, 0, 0);
INSERT INTO match_report.jugo_partido (partido_id, club_id, jugador_id, goles, amarilla, descalificacion, exclusion, tarjeta_azul) VALUES (19, 3, 29, 0, 0, 0, 0, 0);
INSERT INTO match_report.jugo_partido (partido_id, club_id, jugador_id, goles, amarilla, descalificacion, exclusion, tarjeta_azul) VALUES (19, 3, 30, 0, 0, 0, 0, 0);
INSERT INTO match_report.jugo_partido (partido_id, club_id, jugador_id, goles, amarilla, descalificacion, exclusion, tarjeta_azul) VALUES (19, 3, 31, 0, 0, 0, 0, 0);
INSERT INTO match_report.jugo_partido (partido_id, club_id, jugador_id, goles, amarilla, descalificacion, exclusion, tarjeta_azul) VALUES (19, 3, 32, 0, 0, 0, 0, 0);
INSERT INTO match_report.jugo_partido (partido_id, club_id, jugador_id, goles, amarilla, descalificacion, exclusion, tarjeta_azul) VALUES (19, 3, 33, 0, 0, 0, 0, 0);
-- PARTIDO 8 --
INSERT INTO match_report.jugo_partido (partido_id, club_id, jugador_id, goles, amarilla, descalificacion, exclusion, tarjeta_azul) VALUES (20, 2, 13, 0, 0, 0, 0, 0);
INSERT INTO match_report.jugo_partido (partido_id, club_id, jugador_id, goles, amarilla, descalificacion, exclusion, tarjeta_azul) VALUES (20, 2, 14, 0, 0, 0, 0, 0);
INSERT INTO match_report.jugo_partido (partido_id, club_id, jugador_id, goles, amarilla, descalificacion, exclusion, tarjeta_azul) VALUES (20, 2, 15, 0, 0, 0, 0, 0);
INSERT INTO match_report.jugo_partido (partido_id, club_id, jugador_id, goles, amarilla, descalificacion, exclusion, tarjeta_azul) VALUES (20, 2, 16, 0, 0, 0, 0, 0);
INSERT INTO match_report.jugo_partido (partido_id, club_id, jugador_id, goles, amarilla, descalificacion, exclusion, tarjeta_azul) VALUES (20, 2, 17, 0, 0, 0, 0, 0);
INSERT INTO match_report.jugo_partido (partido_id, club_id, jugador_id, goles, amarilla, descalificacion, exclusion, tarjeta_azul) VALUES (20, 2, 18, 0, 0, 0, 0, 0);
INSERT INTO match_report.jugo_partido (partido_id, club_id, jugador_id, goles, amarilla, descalificacion, exclusion, tarjeta_azul) VALUES (20, 2, 19, 0, 0, 0, 0, 0);
INSERT INTO match_report.jugo_partido (partido_id, club_id, jugador_id, goles, amarilla, descalificacion, exclusion, tarjeta_azul) VALUES (20, 2, 20, 0, 0, 0, 0, 0);
INSERT INTO match_report.jugo_partido (partido_id, club_id, jugador_id, goles, amarilla, descalificacion, exclusion, tarjeta_azul) VALUES (20, 2, 21, 0, 0, 0, 0, 0);
INSERT INTO match_report.jugo_partido (partido_id, club_id, jugador_id, goles, amarilla, descalificacion, exclusion, tarjeta_azul) VALUES (20, 2, 22, 0, 0, 0, 0, 0);
INSERT INTO match_report.jugo_partido (partido_id, club_id, jugador_id, goles, amarilla, descalificacion, exclusion, tarjeta_azul) VALUES (20, 4, 34, 0, 0, 0, 0, 0);
INSERT INTO match_report.jugo_partido (partido_id, club_id, jugador_id, goles, amarilla, descalificacion, exclusion, tarjeta_azul) VALUES (20, 4, 35, 0, 0, 0, 0, 0);
INSERT INTO match_report.jugo_partido (partido_id, club_id, jugador_id, goles, amarilla, descalificacion, exclusion, tarjeta_azul) VALUES (20, 4, 36, 0, 0, 0, 0, 0);
INSERT INTO match_report.jugo_partido (partido_id, club_id, jugador_id, goles, amarilla, descalificacion, exclusion, tarjeta_azul) VALUES (20, 4, 37, 0, 0, 0, 0, 0);
INSERT INTO match_report.jugo_partido (partido_id, club_id, jugador_id, goles, amarilla, descalificacion, exclusion, tarjeta_azul) VALUES (20, 4, 38, 0, 0, 0, 0, 0);
INSERT INTO match_report.jugo_partido (partido_id, club_id, jugador_id, goles, amarilla, descalificacion, exclusion, tarjeta_azul) VALUES (20, 4, 39, 0, 0, 0, 0, 0);
INSERT INTO match_report.jugo_partido (partido_id, club_id, jugador_id, goles, amarilla, descalificacion, exclusion, tarjeta_azul) VALUES (20, 4, 40, 0, 0, 0, 0, 0);
INSERT INTO match_report.jugo_partido (partido_id, club_id, jugador_id, goles, amarilla, descalificacion, exclusion, tarjeta_azul) VALUES (20, 4, 41, 0, 0, 0, 0, 0);
INSERT INTO match_report.jugo_partido (partido_id, club_id, jugador_id, goles, amarilla, descalificacion, exclusion, tarjeta_azul) VALUES (20, 4, 42, 0, 0, 0, 0, 0);
INSERT INTO match_report.jugo_partido (partido_id, club_id, jugador_id, goles, amarilla, descalificacion, exclusion, tarjeta_azul) VALUES (20, 4, 43, 0, 0, 0, 0, 0);
INSERT INTO match_report.jugo_partido (partido_id, club_id, jugador_id, goles, amarilla, descalificacion, exclusion, tarjeta_azul) VALUES (20, 4, 44, 0, 0, 0, 0, 0);
-- PARTIDO 21 --
INSERT INTO match_report.jugo_partido (partido_id, club_id, jugador_id, goles, amarilla, descalificacion, exclusion, tarjeta_azul) VALUES (21, 1, 1, 0, 0, 0, 0, 0);
INSERT INTO match_report.jugo_partido (partido_id, club_id, jugador_id, goles, amarilla, descalificacion, exclusion, tarjeta_azul) VALUES (21, 1, 2, 0, 0, 0, 0, 0);
INSERT INTO match_report.jugo_partido (partido_id, club_id, jugador_id, goles, amarilla, descalificacion, exclusion, tarjeta_azul) VALUES (21, 1, 3, 0, 0, 0, 0, 0);
INSERT INTO match_report.jugo_partido (partido_id, club_id, jugador_id, goles, amarilla, descalificacion, exclusion, tarjeta_azul) VALUES (21, 1, 4, 0, 0, 0, 0, 0);
INSERT INTO match_report.jugo_partido (partido_id, club_id, jugador_id, goles, amarilla, descalificacion, exclusion, tarjeta_azul) VALUES (21, 1, 5, 0, 0, 0, 0, 0);
INSERT INTO match_report.jugo_partido (partido_id, club_id, jugador_id, goles, amarilla, descalificacion, exclusion, tarjeta_azul) VALUES (21, 1, 6, 0, 0, 0, 0, 0);
INSERT INTO match_report.jugo_partido (partido_id, club_id, jugador_id, goles, amarilla, descalificacion, exclusion, tarjeta_azul) VALUES (21, 1, 7, 0, 0, 0, 0, 0);
INSERT INTO match_report.jugo_partido (partido_id, club_id, jugador_id, goles, amarilla, descalificacion, exclusion, tarjeta_azul) VALUES (21, 1, 8, 0, 0, 0, 0, 0);
INSERT INTO match_report.jugo_partido (partido_id, club_id, jugador_id, goles, amarilla, descalificacion, exclusion, tarjeta_azul) VALUES (21, 1, 9, 0, 0, 0, 0, 0);
INSERT INTO match_report.jugo_partido (partido_id, club_id, jugador_id, goles, amarilla, descalificacion, exclusion, tarjeta_azul) VALUES (21, 1, 10, 0, 0, 0, 0, 0);
INSERT INTO match_report.jugo_partido (partido_id, club_id, jugador_id, goles, amarilla, descalificacion, exclusion, tarjeta_azul) VALUES (21, 1, 11, 0, 0, 0, 0, 0);
INSERT INTO match_report.jugo_partido (partido_id, club_id, jugador_id, goles, amarilla, descalificacion, exclusion, tarjeta_azul) VALUES (21, 4, 34, 0, 0, 0, 0, 0);
INSERT INTO match_report.jugo_partido (partido_id, club_id, jugador_id, goles, amarilla, descalificacion, exclusion, tarjeta_azul) VALUES (21, 4, 35, 0, 0, 0, 0, 0);
INSERT INTO match_report.jugo_partido (partido_id, club_id, jugador_id, goles, amarilla, descalificacion, exclusion, tarjeta_azul) VALUES (21, 4, 36, 0, 0, 0, 0, 0);
INSERT INTO match_report.jugo_partido (partido_id, club_id, jugador_id, goles, amarilla, descalificacion, exclusion, tarjeta_azul) VALUES (21, 4, 37, 0, 0, 0, 0, 0);
INSERT INTO match_report.jugo_partido (partido_id, club_id, jugador_id, goles, amarilla, descalificacion, exclusion, tarjeta_azul) VALUES (21, 4, 38, 0, 0, 0, 0, 0);
INSERT INTO match_report.jugo_partido (partido_id, club_id, jugador_id, goles, amarilla, descalificacion, exclusion, tarjeta_azul) VALUES (21, 4, 39, 0, 0, 0, 0, 0);
INSERT INTO match_report.jugo_partido (partido_id, club_id, jugador_id, goles, amarilla, descalificacion, exclusion, tarjeta_azul) VALUES (21, 4, 40, 0, 0, 0, 0, 0);
INSERT INTO match_report.jugo_partido (partido_id, club_id, jugador_id, goles, amarilla, descalificacion, exclusion, tarjeta_azul) VALUES (21, 4, 41, 0, 0, 0, 0, 0);
INSERT INTO match_report.jugo_partido (partido_id, club_id, jugador_id, goles, amarilla, descalificacion, exclusion, tarjeta_azul) VALUES (21, 4, 42, 0, 0, 0, 0, 0);
INSERT INTO match_report.jugo_partido (partido_id, club_id, jugador_id, goles, amarilla, descalificacion, exclusion, tarjeta_azul) VALUES (21, 4, 43, 0, 0, 0, 0, 0);
INSERT INTO match_report.jugo_partido (partido_id, club_id, jugador_id, goles, amarilla, descalificacion, exclusion, tarjeta_azul) VALUES (21, 4, 44, 0, 0, 0, 0, 0);
-- PARTIDO 22 --
INSERT INTO match_report.jugo_partido (partido_id, club_id, jugador_id, goles, amarilla, descalificacion, exclusion, tarjeta_azul) VALUES (22, 2, 13, 0, 0, 0, 0, 0);
INSERT INTO match_report.jugo_partido (partido_id, club_id, jugador_id, goles, amarilla, descalificacion, exclusion, tarjeta_azul) VALUES (22, 2, 14, 0, 0, 0, 0, 0);
INSERT INTO match_report.jugo_partido (partido_id, club_id, jugador_id, goles, amarilla, descalificacion, exclusion, tarjeta_azul) VALUES (22, 2, 15, 0, 0, 0, 0, 0);
INSERT INTO match_report.jugo_partido (partido_id, club_id, jugador_id, goles, amarilla, descalificacion, exclusion, tarjeta_azul) VALUES (22, 2, 16, 0, 0, 0, 0, 0);
INSERT INTO match_report.jugo_partido (partido_id, club_id, jugador_id, goles, amarilla, descalificacion, exclusion, tarjeta_azul) VALUES (22, 2, 17, 0, 0, 0, 0, 0);
INSERT INTO match_report.jugo_partido (partido_id, club_id, jugador_id, goles, amarilla, descalificacion, exclusion, tarjeta_azul) VALUES (22, 2, 18, 0, 0, 0, 0, 0);
INSERT INTO match_report.jugo_partido (partido_id, club_id, jugador_id, goles, amarilla, descalificacion, exclusion, tarjeta_azul) VALUES (22, 2, 19, 0, 0, 0, 0, 0);
INSERT INTO match_report.jugo_partido (partido_id, club_id, jugador_id, goles, amarilla, descalificacion, exclusion, tarjeta_azul) VALUES (22, 2, 20, 0, 0, 0, 0, 0);
INSERT INTO match_report.jugo_partido (partido_id, club_id, jugador_id, goles, amarilla, descalificacion, exclusion, tarjeta_azul) VALUES (22, 2, 21, 0, 0, 0, 0, 0);
INSERT INTO match_report.jugo_partido (partido_id, club_id, jugador_id, goles, amarilla, descalificacion, exclusion, tarjeta_azul) VALUES (22, 2, 22, 0, 0, 0, 0, 0);
INSERT INTO match_report.jugo_partido (partido_id, club_id, jugador_id, goles, amarilla, descalificacion, exclusion, tarjeta_azul) VALUES (22, 3, 23, 0, 0, 0, 0, 0);
INSERT INTO match_report.jugo_partido (partido_id, club_id, jugador_id, goles, amarilla, descalificacion, exclusion, tarjeta_azul) VALUES (22, 3, 24, 0, 0, 0, 0, 0);
INSERT INTO match_report.jugo_partido (partido_id, club_id, jugador_id, goles, amarilla, descalificacion, exclusion, tarjeta_azul) VALUES (22, 3, 25, 0, 0, 0, 0, 0);
INSERT INTO match_report.jugo_partido (partido_id, club_id, jugador_id, goles, amarilla, descalificacion, exclusion, tarjeta_azul) VALUES (22, 3, 26, 0, 0, 0, 0, 0);
INSERT INTO match_report.jugo_partido (partido_id, club_id, jugador_id, goles, amarilla, descalificacion, exclusion, tarjeta_azul) VALUES (22, 3, 27, 0, 0, 0, 0, 0);
INSERT INTO match_report.jugo_partido (partido_id, club_id, jugador_id, goles, amarilla, descalificacion, exclusion, tarjeta_azul) VALUES (22, 3, 28, 0, 0, 0, 0, 0);
INSERT INTO match_report.jugo_partido (partido_id, club_id, jugador_id, goles, amarilla, descalificacion, exclusion, tarjeta_azul) VALUES (22, 3, 29, 0, 0, 0, 0, 0);
INSERT INTO match_report.jugo_partido (partido_id, club_id, jugador_id, goles, amarilla, descalificacion, exclusion, tarjeta_azul) VALUES (22, 3, 30, 0, 0, 0, 0, 0);
INSERT INTO match_report.jugo_partido (partido_id, club_id, jugador_id, goles, amarilla, descalificacion, exclusion, tarjeta_azul) VALUES (22, 3, 31, 0, 0, 0, 0, 0);
INSERT INTO match_report.jugo_partido (partido_id, club_id, jugador_id, goles, amarilla, descalificacion, exclusion, tarjeta_azul) VALUES (22, 3, 32, 0, 0, 0, 0, 0);
INSERT INTO match_report.jugo_partido (partido_id, club_id, jugador_id, goles, amarilla, descalificacion, exclusion, tarjeta_azul) VALUES (22, 3, 33, 0, 0, 0, 0, 0);
-- PARTIDO 23 --
INSERT INTO match_report.jugo_partido (partido_id, club_id, jugador_id, goles, amarilla, descalificacion, exclusion, tarjeta_azul) VALUES (23, 1, 1, 0, 0, 0, 0, 0);
INSERT INTO match_report.jugo_partido (partido_id, club_id, jugador_id, goles, amarilla, descalificacion, exclusion, tarjeta_azul) VALUES (23, 1, 2, 0, 0, 0, 0, 0);
INSERT INTO match_report.jugo_partido (partido_id, club_id, jugador_id, goles, amarilla, descalificacion, exclusion, tarjeta_azul) VALUES (23, 1, 3, 0, 0, 0, 0, 0);
INSERT INTO match_report.jugo_partido (partido_id, club_id, jugador_id, goles, amarilla, descalificacion, exclusion, tarjeta_azul) VALUES (23, 1, 4, 0, 0, 0, 0, 0);
INSERT INTO match_report.jugo_partido (partido_id, club_id, jugador_id, goles, amarilla, descalificacion, exclusion, tarjeta_azul) VALUES (23, 1, 5, 0, 0, 0, 0, 0);
INSERT INTO match_report.jugo_partido (partido_id, club_id, jugador_id, goles, amarilla, descalificacion, exclusion, tarjeta_azul) VALUES (23, 1, 6, 0, 0, 0, 0, 0);
INSERT INTO match_report.jugo_partido (partido_id, club_id, jugador_id, goles, amarilla, descalificacion, exclusion, tarjeta_azul) VALUES (23, 1, 7, 0, 0, 0, 0, 0);
INSERT INTO match_report.jugo_partido (partido_id, club_id, jugador_id, goles, amarilla, descalificacion, exclusion, tarjeta_azul) VALUES (23, 1, 8, 0, 0, 0, 0, 0);
INSERT INTO match_report.jugo_partido (partido_id, club_id, jugador_id, goles, amarilla, descalificacion, exclusion, tarjeta_azul) VALUES (23, 1, 9, 0, 0, 0, 0, 0);
INSERT INTO match_report.jugo_partido (partido_id, club_id, jugador_id, goles, amarilla, descalificacion, exclusion, tarjeta_azul) VALUES (23, 1, 10, 0, 0, 0, 0, 0);
INSERT INTO match_report.jugo_partido (partido_id, club_id, jugador_id, goles, amarilla, descalificacion, exclusion, tarjeta_azul) VALUES (23, 1, 11, 0, 0, 0, 0, 0);
INSERT INTO match_report.jugo_partido (partido_id, club_id, jugador_id, goles, amarilla, descalificacion, exclusion, tarjeta_azul) VALUES (23, 4, 34, 0, 0, 0, 0, 0);
INSERT INTO match_report.jugo_partido (partido_id, club_id, jugador_id, goles, amarilla, descalificacion, exclusion, tarjeta_azul) VALUES (23, 4, 35, 0, 0, 0, 0, 0);
INSERT INTO match_report.jugo_partido (partido_id, club_id, jugador_id, goles, amarilla, descalificacion, exclusion, tarjeta_azul) VALUES (23, 4, 36, 0, 0, 0, 0, 0);
INSERT INTO match_report.jugo_partido (partido_id, club_id, jugador_id, goles, amarilla, descalificacion, exclusion, tarjeta_azul) VALUES (23, 4, 37, 0, 0, 0, 0, 0);
INSERT INTO match_report.jugo_partido (partido_id, club_id, jugador_id, goles, amarilla, descalificacion, exclusion, tarjeta_azul) VALUES (23, 4, 38, 0, 0, 0, 0, 0);
INSERT INTO match_report.jugo_partido (partido_id, club_id, jugador_id, goles, amarilla, descalificacion, exclusion, tarjeta_azul) VALUES (23, 4, 39, 0, 0, 0, 0, 0);
INSERT INTO match_report.jugo_partido (partido_id, club_id, jugador_id, goles, amarilla, descalificacion, exclusion, tarjeta_azul) VALUES (23, 4, 40, 0, 0, 0, 0, 0);
INSERT INTO match_report.jugo_partido (partido_id, club_id, jugador_id, goles, amarilla, descalificacion, exclusion, tarjeta_azul) VALUES (23, 4, 41, 0, 0, 0, 0, 0);
INSERT INTO match_report.jugo_partido (partido_id, club_id, jugador_id, goles, amarilla, descalificacion, exclusion, tarjeta_azul) VALUES (23, 4, 42, 0, 0, 0, 0, 0);
INSERT INTO match_report.jugo_partido (partido_id, club_id, jugador_id, goles, amarilla, descalificacion, exclusion, tarjeta_azul) VALUES (23, 4, 43, 0, 0, 0, 0, 0);
INSERT INTO match_report.jugo_partido (partido_id, club_id, jugador_id, goles, amarilla, descalificacion, exclusion, tarjeta_azul) VALUES (23, 4, 44, 0, 0, 0, 0, 0);
-- PARTIDO 12 --
INSERT INTO match_report.jugo_partido (partido_id, club_id, jugador_id, goles, amarilla, descalificacion, exclusion, tarjeta_azul) VALUES (24, 2, 13, 0, 0, 0, 0, 0);
INSERT INTO match_report.jugo_partido (partido_id, club_id, jugador_id, goles, amarilla, descalificacion, exclusion, tarjeta_azul) VALUES (24, 2, 14, 0, 0, 0, 0, 0);
INSERT INTO match_report.jugo_partido (partido_id, club_id, jugador_id, goles, amarilla, descalificacion, exclusion, tarjeta_azul) VALUES (24, 2, 15, 0, 0, 0, 0, 0);
INSERT INTO match_report.jugo_partido (partido_id, club_id, jugador_id, goles, amarilla, descalificacion, exclusion, tarjeta_azul) VALUES (24, 2, 16, 0, 0, 0, 0, 0);
INSERT INTO match_report.jugo_partido (partido_id, club_id, jugador_id, goles, amarilla, descalificacion, exclusion, tarjeta_azul) VALUES (24, 2, 17, 0, 0, 0, 0, 0);
INSERT INTO match_report.jugo_partido (partido_id, club_id, jugador_id, goles, amarilla, descalificacion, exclusion, tarjeta_azul) VALUES (24, 2, 18, 0, 0, 0, 0, 0);
INSERT INTO match_report.jugo_partido (partido_id, club_id, jugador_id, goles, amarilla, descalificacion, exclusion, tarjeta_azul) VALUES (24, 2, 19, 0, 0, 0, 0, 0);
INSERT INTO match_report.jugo_partido (partido_id, club_id, jugador_id, goles, amarilla, descalificacion, exclusion, tarjeta_azul) VALUES (24, 2, 20, 0, 0, 0, 0, 0);
INSERT INTO match_report.jugo_partido (partido_id, club_id, jugador_id, goles, amarilla, descalificacion, exclusion, tarjeta_azul) VALUES (24, 2, 21, 0, 0, 0, 0, 0);
INSERT INTO match_report.jugo_partido (partido_id, club_id, jugador_id, goles, amarilla, descalificacion, exclusion, tarjeta_azul) VALUES (24, 2, 22, 0, 0, 0, 0, 0);
INSERT INTO match_report.jugo_partido (partido_id, club_id, jugador_id, goles, amarilla, descalificacion, exclusion, tarjeta_azul) VALUES (24, 3, 23, 0, 0, 0, 0, 0);
INSERT INTO match_report.jugo_partido (partido_id, club_id, jugador_id, goles, amarilla, descalificacion, exclusion, tarjeta_azul) VALUES (24, 3, 24, 0, 0, 0, 0, 0);
INSERT INTO match_report.jugo_partido (partido_id, club_id, jugador_id, goles, amarilla, descalificacion, exclusion, tarjeta_azul) VALUES (24, 3, 25, 0, 0, 0, 0, 0);
INSERT INTO match_report.jugo_partido (partido_id, club_id, jugador_id, goles, amarilla, descalificacion, exclusion, tarjeta_azul) VALUES (24, 3, 26, 0, 0, 0, 0, 0);
INSERT INTO match_report.jugo_partido (partido_id, club_id, jugador_id, goles, amarilla, descalificacion, exclusion, tarjeta_azul) VALUES (24, 3, 27, 0, 0, 0, 0, 0);
INSERT INTO match_report.jugo_partido (partido_id, club_id, jugador_id, goles, amarilla, descalificacion, exclusion, tarjeta_azul) VALUES (24, 3, 28, 0, 0, 0, 0, 0);
INSERT INTO match_report.jugo_partido (partido_id, club_id, jugador_id, goles, amarilla, descalificacion, exclusion, tarjeta_azul) VALUES (24, 3, 29, 0, 0, 0, 0, 0);
INSERT INTO match_report.jugo_partido (partido_id, club_id, jugador_id, goles, amarilla, descalificacion, exclusion, tarjeta_azul) VALUES (24, 3, 30, 0, 0, 0, 0, 0);
INSERT INTO match_report.jugo_partido (partido_id, club_id, jugador_id, goles, amarilla, descalificacion, exclusion, tarjeta_azul) VALUES (24, 3, 31, 0, 0, 0, 0, 0);
INSERT INTO match_report.jugo_partido (partido_id, club_id, jugador_id, goles, amarilla, descalificacion, exclusion, tarjeta_azul) VALUES (24, 3, 32, 0, 0, 0, 0, 0);
INSERT INTO match_report.jugo_partido (partido_id, club_id, jugador_id, goles, amarilla, descalificacion, exclusion, tarjeta_azul) VALUES (24, 3, 33, 0, 0, 0, 0, 0);

-- RESULTADO --
INSERT INTO match_report.resultado (id_partido, goles_local, goles_visitante) VALUES (1, 0, 0);
INSERT INTO match_report.resultado (id_partido, goles_local, goles_visitante) VALUES (2, 0, 0);
INSERT INTO match_report.resultado (id_partido, goles_local, goles_visitante) VALUES (3, 0, 0);
INSERT INTO match_report.resultado (id_partido, goles_local, goles_visitante) VALUES (4, 0, 0);
INSERT INTO match_report.resultado (id_partido, goles_local, goles_visitante) VALUES (5, 0, 0);
INSERT INTO match_report.resultado (id_partido, goles_local, goles_visitante) VALUES (6, 0, 0);
INSERT INTO match_report.resultado (id_partido, goles_local, goles_visitante) VALUES (7, 0, 0);
INSERT INTO match_report.resultado (id_partido, goles_local, goles_visitante) VALUES (8, 0, 0);
INSERT INTO match_report.resultado (id_partido, goles_local, goles_visitante) VALUES (9, 0, 0);
INSERT INTO match_report.resultado (id_partido, goles_local, goles_visitante) VALUES (10, 0, 0);
INSERT INTO match_report.resultado (id_partido, goles_local, goles_visitante) VALUES (11, 0, 0);
INSERT INTO match_report.resultado (id_partido, goles_local, goles_visitante) VALUES (12, 0, 0);

INSERT INTO match_report.resultado (id_partido, goles_local, goles_visitante) VALUES (13, 0, 0);
INSERT INTO match_report.resultado (id_partido, goles_local, goles_visitante) VALUES (14, 0, 0);
INSERT INTO match_report.resultado (id_partido, goles_local, goles_visitante) VALUES (15, 0, 0);
INSERT INTO match_report.resultado (id_partido, goles_local, goles_visitante) VALUES (16, 0, 0);
INSERT INTO match_report.resultado (id_partido, goles_local, goles_visitante) VALUES (17, 0, 0);
INSERT INTO match_report.resultado (id_partido, goles_local, goles_visitante) VALUES (18, 0, 0);
INSERT INTO match_report.resultado (id_partido, goles_local, goles_visitante) VALUES (19, 0, 0);
INSERT INTO match_report.resultado (id_partido, goles_local, goles_visitante) VALUES (20, 0, 0);
INSERT INTO match_report.resultado (id_partido, goles_local, goles_visitante) VALUES (21, 0, 0);
INSERT INTO match_report.resultado (id_partido, goles_local, goles_visitante) VALUES (22, 0, 0);
INSERT INTO match_report.resultado (id_partido, goles_local, goles_visitante) VALUES (23, 0, 0);
INSERT INTO match_report.resultado (id_partido, goles_local, goles_visitante) VALUES (24, 0, 0);

-- PARTIDO OBSERVACION --
INSERT INTO match_report.partido_observacion (partido_id, observacion) VALUES (1, 'Observacion partido 1');
INSERT INTO match_report.partido_observacion (partido_id, observacion) VALUES (2, 'Observacion partido 2');
INSERT INTO match_report.partido_observacion (partido_id, observacion) VALUES (3, 'Observacion partido 3');
INSERT INTO match_report.partido_observacion (partido_id, observacion) VALUES (4, 'Observacion partido 4');
INSERT INTO match_report.partido_observacion (partido_id, observacion) VALUES (5, 'Observacion partido 5');
INSERT INTO match_report.partido_observacion (partido_id, observacion) VALUES (6, 'Observacion partido 6');
INSERT INTO match_report.partido_observacion (partido_id, observacion) VALUES (7, 'Observacion partido 7');
INSERT INTO match_report.partido_observacion (partido_id, observacion) VALUES (8, 'Observacion partido 8');
INSERT INTO match_report.partido_observacion (partido_id, observacion) VALUES (9, 'Observacion partido 9');
INSERT INTO match_report.partido_observacion (partido_id, observacion) VALUES (10, 'Observacion partido 10');
INSERT INTO match_report.partido_observacion (partido_id, observacion) VALUES (11, 'Observacion partido 11');
INSERT INTO match_report.partido_observacion (partido_id, observacion) VALUES (12, 'Observacion partido 12');

INSERT INTO match_report.partido_observacion (partido_id, observacion) VALUES (13, 'Observacion partido 13');
INSERT INTO match_report.partido_observacion (partido_id, observacion) VALUES (14, 'Observacion partido 14');
INSERT INTO match_report.partido_observacion (partido_id, observacion) VALUES (15, 'Observacion partido 15');
INSERT INTO match_report.partido_observacion (partido_id, observacion) VALUES (16, 'Observacion partido 16');
INSERT INTO match_report.partido_observacion (partido_id, observacion) VALUES (17, 'Observacion partido 17');
INSERT INTO match_report.partido_observacion (partido_id, observacion) VALUES (18, 'Observacion partido 18');
INSERT INTO match_report.partido_observacion (partido_id, observacion) VALUES (19, 'Observacion partido 19');
INSERT INTO match_report.partido_observacion (partido_id, observacion) VALUES (20, 'Observacion partido 20');
INSERT INTO match_report.partido_observacion (partido_id, observacion) VALUES (21, 'Observacion partido 21');
INSERT INTO match_report.partido_observacion (partido_id, observacion) VALUES (22, 'Observacion partido 22');
INSERT INTO match_report.partido_observacion (partido_id, observacion) VALUES (23, 'Observacion partido 23');
INSERT INTO match_report.partido_observacion (partido_id, observacion) VALUES (24, 'Observacion partido 24');

-- TORNEO CLUB --
INSERT INTO match_report.torneo_club (id_torneo, id_club, partidos_jugados, partidos_ganados, partidos_empatados, partidos_perdidos, goles_a_favor, goles_en_contra) VALUES (1, 1, 6, 0, 6, 0, 0, 0);
INSERT INTO match_report.torneo_club (id_torneo, id_club, partidos_jugados, partidos_ganados, partidos_empatados, partidos_perdidos, goles_a_favor, goles_en_contra) VALUES (1, 2, 6, 0, 6, 0, 0, 0);
INSERT INTO match_report.torneo_club (id_torneo, id_club, partidos_jugados, partidos_ganados, partidos_empatados, partidos_perdidos, goles_a_favor, goles_en_contra) VALUES (1, 3, 6, 0, 6, 0, 0, 0);
INSERT INTO match_report.torneo_club (id_torneo, id_club, partidos_jugados, partidos_ganados, partidos_empatados, partidos_perdidos, goles_a_favor, goles_en_contra) VALUES (1, 4, 6, 0, 6, 0, 0, 0);

INSERT INTO match_report.torneo_club (id_torneo, id_club, partidos_jugados, partidos_ganados, partidos_empatados, partidos_perdidos, goles_a_favor, goles_en_contra) VALUES (2, 1, 6, 0, 6, 0, 0, 0);
INSERT INTO match_report.torneo_club (id_torneo, id_club, partidos_jugados, partidos_ganados, partidos_empatados, partidos_perdidos, goles_a_favor, goles_en_contra) VALUES (2, 2, 6, 0, 6, 0, 0, 0);
INSERT INTO match_report.torneo_club (id_torneo, id_club, partidos_jugados, partidos_ganados, partidos_empatados, partidos_perdidos, goles_a_favor, goles_en_contra) VALUES (2, 3, 6, 0, 6, 0, 0, 0);
INSERT INTO match_report.torneo_club (id_torneo, id_club, partidos_jugados, partidos_ganados, partidos_empatados, partidos_perdidos, goles_a_favor, goles_en_contra) VALUES (2, 4, 6, 0, 6, 0, 0, 0);
